datetime,temp
2004-03-29 17:11:43.346823,24.1534
2004-03-29 17:12:42.846359,23.536
2004-03-29 17:13:12.810219,23.4772
2004-03-29 17:26:13.008641,24.2318
2004-03-29 17:27:42.972219,25.5646
2004-03-29 17:29:13.294244,25.6136
2004-03-29 17:29:43.114426,25.6136
2004-03-29 17:34:12.678174,25.8194
2004-03-29 17:34:42.663213,25.8292
2004-03-29 17:36:43.145572,26.2114
2004-03-29 17:38:42.967967,26.2996
2004-03-29 17:42:43.223638,25.2216
2004-03-29 17:44:15.402704,25.398000000000003
2004-03-29 17:52:22.519508,25.0158
2004-03-29 18:19:13.006451,24.7218
2004-03-29 18:21:43.397987,24.7414
2004-03-29 18:22:13.547872,24.7316
2004-03-29 18:25:13.466988,24.4474
2004-03-29 18:26:13.245418,24.369
2004-03-29 18:27:13.415359,24.369
2004-03-29 18:28:13.178413,24.3298
2004-03-29 18:34:13.764320,24.5748
2004-03-29 18:42:43.132028,24.8884
2004-03-29 18:45:43.514677,25.496
2004-03-29 18:46:42.763886,25.4666
2004-03-29 18:48:42.821591,25.4176
2004-03-29 18:50:43.477748,25.2216
2004-03-29 18:53:13.614985,25.0158
2004-03-29 18:53:42.913629,24.9962
2004-03-29 18:54:13.028152,24.9864
2004-03-29 18:56:43.291889,24.8394
2004-03-29 18:57:43.663792,24.7512
2004-03-29 18:59:13.559974,24.8198
2004-03-29 19:00:13.647411,24.8982
2004-03-29 19:00:43.684602,24.761
2004-03-29 19:01:20.127671,24.6532
2004-03-29 19:01:43.731815,24.6042
2004-03-29 19:02:56.773544,24.5062
2004-03-29 19:03:43.635536,24.418000000000006
2004-03-29 19:06:43.713705,24.663
2004-03-29 19:20:13.662967,22.752
2004-03-29 19:20:43.660524,22.7226
2004-03-29 19:24:13.129960,22.5952
2004-03-29 19:25:13.655441,22.5854
2004-03-29 19:26:13.584565,22.5462
2004-03-29 19:28:13.796109,22.5168
2004-03-29 19:29:43.559991,22.4678
2004-03-29 19:30:43.744613,22.4482
2004-03-29 19:35:13.355324,22.36
2004-03-29 19:36:43.737295,22.3404
2004-03-29 19:39:43.132148,22.2816
2004-03-29 20:13:13.651849,21.8014
2004-03-29 20:15:13.369416,21.7818
2004-03-29 20:18:13.311718,21.7426
2004-03-29 20:23:13.561805,21.6642
2004-03-29 20:25:43.757651,21.6544
2004-03-29 20:26:13.339552,21.6446
2004-03-29 20:28:13.475005,21.625
2004-03-29 20:28:43.769920,21.6054
2004-03-29 20:30:43.232152,21.5956
2004-03-29 20:31:13.524370,21.5858
2004-03-29 20:32:13.572700,21.5564
2004-03-29 20:33:13.649367,21.5564
2004-03-29 20:34:13.612056,21.5172
2004-03-29 20:34:43.833184,21.5172
2004-03-29 20:38:13.231565,21.4976
2004-03-29 20:39:43.499609,21.4682
2004-03-29 20:43:43.584874,21.4192
2004-03-29 20:44:13.048592,21.3996
2004-03-29 20:46:13.123614,21.3996
2004-03-29 20:48:43.843936,21.38
2004-03-29 20:57:43.801848,21.282
2004-03-29 20:58:43.815732,21.2722
2004-03-29 20:59:43.878051,21.2624
2004-03-29 21:00:43.300249,21.233
2004-03-29 21:02:13.489815,21.2036
2004-03-29 21:03:13.270982,21.2036
2004-03-29 21:04:13.286391,21.184
2004-03-29 21:05:13.163158,21.1546
2004-03-29 21:05:42.945147,21.1546
2004-03-29 21:06:43.015263,21.1154
2004-03-29 21:13:13.304420,21.1056
2004-03-29 21:15:13.549430,21.1056
2004-03-29 21:18:13.523711,21.0762
2004-03-29 21:23:43.859706,21.0272
2004-03-29 21:26:13.901288,21.0076
2004-03-29 21:28:13.805334,20.9978
2004-03-29 21:28:44.046107,20.988000000000003
2004-03-29 21:29:43.609043,20.988000000000003
2004-03-29 21:36:13.519362,20.9488
2004-03-29 21:40:13.592252,20.89
2004-03-29 21:43:13.872417,20.8606
2004-03-29 21:44:43.487587,20.8704
2004-03-29 21:45:13.533240,20.841
2004-03-29 21:45:43.817688,20.8508
2004-03-29 21:46:13.498283,20.8508
2004-03-29 21:50:43.878505,20.8312
2004-03-29 21:52:43.342444,20.8312
2004-03-29 21:54:43.864052,20.8312
2004-03-29 21:56:43.550927,20.8116
2004-03-29 22:00:43.583044,20.792
2004-03-29 22:02:43.383442,20.7724
2004-03-29 22:03:23.870963,20.7626
2004-03-29 22:06:45.224088,20.7234
2004-03-29 22:11:43.882655,20.7136
2004-03-29 22:15:14.811669,20.7332
2004-03-29 22:16:43.569087,20.694000000000006
2004-03-29 22:17:13.990480,20.6842
2004-03-29 22:19:13.819966,20.694000000000006
2004-03-29 22:20:29.197790,20.694000000000006
2004-03-29 22:21:43.996408,20.694000000000006
2004-03-29 22:22:44.132811,20.6744
2004-03-29 22:29:43.325343,20.6744
2004-03-29 22:32:14.167172,20.6744
2004-03-29 22:33:13.435257,20.6744
2004-03-29 22:34:43.619825,20.6548
2004-03-29 22:44:14.111922,20.596
2004-03-29 22:49:14.118342,20.5764
2004-03-29 22:51:13.363247,20.5764
2004-03-29 22:51:43.644844,20.547
2004-03-29 22:54:14.095169,20.5568
2004-03-29 23:00:43.842796,20.547
2004-03-29 23:01:13.302672,20.5372
2004-03-29 23:01:44.056139,20.5274
2004-03-29 23:02:14.124256,20.5176
2004-03-29 23:05:13.403188,20.498
2004-03-29 23:08:43.402223,20.498
2004-03-29 23:09:13.987440,20.4882
2004-03-29 23:14:13.990698,20.4882
2004-03-29 23:15:44.107731,20.4686
2004-03-29 23:17:13.735815,20.4588
2004-03-29 23:17:43.793266,20.4686
2004-03-29 23:18:44.183171,20.4588
2004-03-29 23:20:14.012087,20.4588
2004-03-29 23:21:14.069333,20.4294
2004-03-29 23:23:44.044973,20.4294
2004-03-29 23:26:43.466083,20.4
2004-03-29 23:27:43.311139,20.4098
2004-03-29 23:28:43.482185,20.4
2004-03-29 23:29:13.969514,20.4
2004-03-29 23:31:13.505510,20.4
2004-03-29 23:32:13.789349,20.3902
2004-03-29 23:32:43.663730,20.3804
2004-03-29 23:35:13.992657,20.3412
2004-03-29 23:37:13.751352,20.3216
2004-03-29 23:37:44.143037,20.302
2004-03-29 23:38:13.877864,20.302
2004-03-29 23:38:43.274609,20.302
2004-03-29 23:39:13.986328,20.302
2004-03-29 23:39:43.522257,20.302
2004-03-29 23:41:13.815564,20.253
2004-03-29 23:42:14.091410,20.2726
2004-03-29 23:46:13.430739,20.2824
2004-03-29 23:47:14.048539,20.2824
2004-03-29 23:50:13.315912,20.2824
2004-03-29 23:50:43.853724,20.2628
2004-03-29 23:52:43.520591,20.2628
2004-03-29 23:56:13.530754,20.2432
2004-03-29 23:56:56.794591,20.253
2004-03-29 23:57:14.016072,20.2628
2004-03-30 00:02:44.138425,20.204
2004-03-30 00:03:14.096523,20.204
2004-03-30 00:03:43.906244,20.1844
2004-03-30 00:05:13.712515,20.1844
2004-03-30 00:06:14.191928,20.1648
2004-03-30 00:12:13.518208,20.1648
2004-03-30 00:14:44.091142,20.1452
2004-03-30 00:16:43.730794,20.1354
2004-03-30 00:23:43.950415,20.106
2004-03-30 00:24:13.729314,20.0864
2004-03-30 00:25:13.795382,20.0766
2004-03-30 00:25:43.339065,20.0668
2004-03-30 00:28:14.144735,20.0668
2004-03-30 00:28:44.314712,20.0766
2004-03-30 00:30:43.420942,20.0374
2004-03-30 00:33:13.934995,20.0472
2004-03-30 00:36:13.824186,20.0276
2004-03-30 00:37:44.049203,20.0374
2004-03-30 00:38:13.273055,20.0374
2004-03-30 00:38:43.282157,20.0276
2004-03-30 00:39:43.575066,20.0276
2004-03-30 00:40:13.843804,20.008
2004-03-30 00:42:43.644031,20.0276
2004-03-30 00:43:13.324615,20.008
2004-03-30 00:44:13.608194,20.0178
2004-03-30 00:47:14.090145,20.008
2004-03-30 00:49:44.093409,20.008
2004-03-30 00:53:44.158293,19.9884
2004-03-30 00:56:14.142390,19.9982
2004-03-30 00:58:44.167584,19.9884
2004-03-30 00:59:44.019759,19.9786
2004-03-30 01:01:14.342795,19.9884
2004-03-30 01:06:13.695437,20.008
2004-03-30 01:06:43.649995,20.008
2004-03-30 01:09:44.044174,20.008
2004-03-30 01:10:44.190860,20.008
2004-03-30 01:13:43.374053,20.008
2004-03-30 01:17:14.126818,19.9982
2004-03-30 01:18:13.867242,20.008
2004-03-30 01:18:44.247413,19.9884
2004-03-30 01:19:14.151941,20.0178
2004-03-30 01:19:43.618878,20.008
2004-03-30 01:21:43.356921,20.0276
2004-03-30 01:22:13.625028,20.0276
2004-03-30 01:22:44.194840,20.0472
2004-03-30 01:25:44.392740,20.0374
2004-03-30 01:28:13.900113,20.057
2004-03-30 01:29:13.937704,20.0472
2004-03-30 01:30:13.855529,20.0472
2004-03-30 01:30:43.364536,20.0374
2004-03-30 01:31:13.866836,20.0276
2004-03-30 01:32:43.722040,20.057
2004-03-30 01:33:13.371908,20.0472
2004-03-30 01:34:13.369177,20.0472
2004-03-30 01:37:44.198957,20.0374
2004-03-30 01:42:13.608607,20.0668
2004-03-30 01:42:43.931618,20.0668
2004-03-30 01:45:13.775063,20.057
2004-03-30 01:46:43.386196,20.0668
2004-03-30 01:47:43.690746,20.0472
2004-03-30 01:49:14.175134,20.057
2004-03-30 01:49:43.684933,20.057
2004-03-30 01:51:14.260894,20.0668
2004-03-30 01:51:44.080652,20.0668
2004-03-30 01:52:14.053061,20.0766
2004-03-30 01:56:14.161443,20.0864
2004-03-30 01:58:14.199515,20.0864
2004-03-30 02:00:14.037862,20.0962
2004-03-30 02:01:44.043075,20.0864
2004-03-30 02:03:14.355935,20.0668
2004-03-30 02:03:44.372709,20.0668
2004-03-30 02:06:43.413153,20.0276
2004-03-30 02:08:44.357458,20.057
2004-03-30 02:10:13.675983,20.0472
2004-03-30 02:12:13.763503,20.0178
2004-03-30 02:13:14.269086,20.0472
2004-03-30 02:14:43.994872,20.0472
2004-03-30 02:15:44.203641,20.0472
2004-03-30 02:16:13.393621,20.0472
2004-03-30 02:17:14.465867,20.0472
2004-03-30 02:17:44.112222,20.0472
2004-03-30 02:18:14.041359,20.0472
2004-03-30 02:18:44.388436,20.0472
2004-03-30 02:19:13.493999,20.0374
2004-03-30 02:20:14.172023,20.0374
2004-03-30 02:21:13.673248,20.0374
2004-03-30 02:23:13.766194,20.0276
2004-03-30 02:24:13.806330,20.0276
2004-03-30 02:25:14.159379,20.008
2004-03-30 02:26:14.241736,20.008
2004-03-30 02:27:13.867534,20.008
2004-03-30 02:27:43.616256,19.9982
2004-03-30 02:28:44.098834,19.9786
2004-03-30 02:29:14.346984,19.9786
2004-03-30 02:29:44.388571,19.9786
2004-03-30 02:31:44.353562,19.9688
2004-03-30 02:33:13.997334,19.9492
2004-03-30 02:35:44.374857,19.9296
2004-03-30 02:36:43.675548,19.9002
2004-03-30 02:37:14.160686,19.8904
2004-03-30 02:37:44.043228,19.8806
2004-03-30 02:38:13.682335,19.8806
2004-03-30 02:39:14.301990,19.8708
2004-03-30 02:40:13.814070,19.8316
2004-03-30 02:40:44.155935,19.8316
2004-03-30 02:41:44.062690,19.812
2004-03-30 02:42:14.245673,19.8022
2004-03-30 02:44:44.449739,19.7826
2004-03-30 02:45:14.342019,19.7826
2004-03-30 02:45:44.250414,19.7826
2004-03-30 02:46:44.344378,19.7826
2004-03-30 02:47:13.794203,19.7924
2004-03-30 02:49:01.128550,19.763
2004-03-30 02:50:44.392638,19.7532
2004-03-30 02:51:14.291228,19.7434
2004-03-30 02:52:43.942099,19.7336
2004-03-30 02:54:44.128940,19.7336
2004-03-30 02:55:13.989703,19.7238
2004-03-30 02:56:14.298977,19.7336
2004-03-30 02:58:14.368844,19.714
2004-03-30 03:01:44.395570,19.6944
2004-03-30 03:02:14.230734,19.7042
2004-03-30 03:03:43.757843,19.7042
2004-03-30 03:04:43.851561,19.6846
2004-03-30 03:05:13.726038,19.6846
2004-03-30 03:06:44.415780,19.6748
2004-03-30 03:07:13.867587,19.665
2004-03-30 03:07:43.935486,19.665
2004-03-30 03:08:14.339705,19.665
2004-03-30 03:11:43.500245,19.6552
2004-03-30 03:14:14.051199,19.6356
2004-03-30 03:14:44.103743,19.6356
2004-03-30 03:19:14.452956,19.616
2004-03-30 03:22:44.388210,19.5866
2004-03-30 03:23:44.388895,19.567
2004-03-30 03:24:44.287634,19.5376
2004-03-30 03:25:43.374500,19.5376
2004-03-30 03:26:14.477658,19.5474
2004-03-30 03:27:44.402826,19.5278
2004-03-30 03:28:14.109292,19.5376
2004-03-30 03:28:43.998912,19.5474
2004-03-30 03:29:43.989647,19.5278
2004-03-30 03:30:14.446695,19.5278
2004-03-30 03:30:43.929584,19.5278
2004-03-30 03:33:43.707601,19.5082
2004-03-30 03:35:14.434790,19.4984
2004-03-30 03:35:43.906340,19.5082
2004-03-30 03:37:14.016234,19.4984
2004-03-30 03:38:13.810367,19.4788
2004-03-30 03:43:44.571184,19.4494
2004-03-30 03:44:13.758158,19.4396
2004-03-30 03:46:43.959710,19.4592
2004-03-30 03:48:14.343212,19.4494
2004-03-30 03:53:14.319495,19.4396
2004-03-30 03:53:44.529667,19.4396
2004-03-30 03:56:14.295159,19.4396
2004-03-30 03:57:44.087549,19.42
2004-03-30 03:59:14.046689,19.4298
2004-03-30 04:00:14.500175,19.42
2004-03-30 04:00:43.572899,19.42
2004-03-30 04:01:13.613075,19.42
2004-03-30 04:01:44.145848,19.42
2004-03-30 04:05:13.838815,19.4004
2004-03-30 04:06:14.179663,19.42
2004-03-30 04:09:14.041683,19.4102
2004-03-30 04:09:44.078821,19.3906
2004-03-30 04:11:14.188820,19.4102
2004-03-30 04:13:44.379911,19.3906
2004-03-30 04:14:43.754364,19.371
2004-03-30 04:15:44.381430,19.371
2004-03-30 04:18:14.109607,19.3416
2004-03-30 04:19:43.981226,19.3318
2004-03-30 04:21:43.639289,19.322
2004-03-30 04:23:14.096282,19.322
2004-03-30 04:24:44.195486,19.3122
2004-03-30 04:25:14.256354,19.3122
2004-03-30 04:27:14.411872,19.2828
2004-03-30 04:29:14.236738,19.3024
2004-03-30 04:30:14.275825,19.2926
2004-03-30 04:30:44.483895,19.2828
2004-03-30 04:35:44.232584,19.2142
2004-03-30 04:38:14.220980,19.2044
2004-03-30 04:38:43.948556,19.2044
2004-03-30 04:45:44.084094,19.1456
2004-03-30 04:46:13.699620,19.126
2004-03-30 04:47:14.006469,19.126
2004-03-30 04:47:44.112704,19.1064
2004-03-30 04:48:44.533845,19.1162
2004-03-30 04:51:14.111255,19.126
2004-03-30 04:53:44.411026,19.126
2004-03-30 04:54:14.560631,19.126
2004-03-30 04:55:14.609748,19.1456
2004-03-30 04:57:44.372678,19.126
2004-03-30 04:58:44.393993,19.1358
2004-03-30 04:59:14.265086,19.126
2004-03-30 05:00:44.082011,19.1162
2004-03-30 05:01:14.291256,19.1162
2004-03-30 05:01:44.338425,19.1064
2004-03-30 05:02:14.730182,19.1064
2004-03-30 05:02:44.719971,19.0868
2004-03-30 05:03:14.546811,19.1064
2004-03-30 05:03:44.145395,19.0966
2004-03-30 05:05:44.219985,19.0672
2004-03-30 05:07:44.026591,19.0672
2004-03-30 05:11:14.482309,19.0378
2004-03-30 05:12:44.195886,19.028
2004-03-30 05:13:44.228931,19.028
2004-03-30 05:14:14.711152,19.028
2004-03-30 05:15:44.218037,19.0084
2004-03-30 05:16:44.328837,19.0084
2004-03-30 05:19:44.040010,18.979
2004-03-30 05:20:43.839859,18.9692
2004-03-30 05:21:14.038450,18.9692
2004-03-30 05:21:44.014977,18.9692
2004-03-30 05:22:13.744840,18.9692
2004-03-30 05:23:44.265378,18.9496
2004-03-30 05:24:44.561729,18.9496
2004-03-30 05:25:44.017652,18.9398
2004-03-30 05:28:14.566483,18.9496
2004-03-30 05:28:43.797720,18.9398
2004-03-30 05:29:13.625704,18.9398
2004-03-30 05:29:44.170422,18.9398
2004-03-30 05:30:14.558147,18.9398
2004-03-30 05:30:44.383532,18.9398
2004-03-30 05:31:44.220246,18.9496
2004-03-30 05:32:14.001976,18.9398
2004-03-30 05:32:44.286252,18.93
2004-03-30 05:34:14.328843,18.9398
2004-03-30 05:35:14.262959,18.9496
2004-03-30 05:36:44.238830,18.9398
2004-03-30 05:37:44.318797,18.93
2004-03-30 05:38:14.582270,18.93
2004-03-30 05:38:44.598689,18.93
2004-03-30 05:39:14.112177,18.93
2004-03-30 05:39:44.549866,18.93
2004-03-30 05:41:43.807376,18.93
2004-03-30 05:42:44.252791,18.93
2004-03-30 05:44:14.302774,18.9202
2004-03-30 05:44:44.498235,18.9104
2004-03-30 05:45:13.751111,18.93
2004-03-30 05:45:43.929313,18.93
2004-03-30 05:46:43.829194,18.9104
2004-03-30 05:47:13.723013,18.9104
2004-03-30 05:48:14.064258,18.8908
2004-03-30 05:50:43.741099,18.8908
2004-03-30 05:55:14.502464,18.8712
2004-03-30 05:58:14.362529,18.8712
2004-03-30 06:01:14.544753,18.8614
2004-03-30 06:01:43.933567,18.8712
2004-03-30 06:05:14.286079,18.8516
2004-03-30 06:05:44.381921,18.8712
2004-03-30 06:06:44.529331,18.8712
2004-03-30 06:07:44.441068,18.8614
2004-03-30 06:08:44.406698,18.8614
2004-03-30 06:09:44.425864,18.8516
2004-03-30 06:11:44.102443,18.8516
2004-03-30 06:12:14.093890,18.8418
2004-03-30 06:13:44.343443,18.8418
2004-03-30 06:14:44.168331,18.8516
2004-03-30 06:15:14.677461,18.8516
2004-03-30 06:18:44.458502,18.832
2004-03-30 06:19:14.339262,18.832
2004-03-30 06:19:43.793993,18.8418
2004-03-30 06:20:43.858839,18.8418
2004-03-30 06:24:44.264526,18.832
2004-03-30 06:25:43.976075,18.832
2004-03-30 06:26:14.557418,18.8222
2004-03-30 06:26:44.367141,18.8222
2004-03-30 06:27:43.820980,18.8124
2004-03-30 06:28:14.044384,18.832
2004-03-30 06:28:43.811498,18.8222
2004-03-30 06:29:44.435473,18.8222
2004-03-30 06:30:14.531319,18.8124
2004-03-30 06:30:44.292039,18.8124
2004-03-30 06:31:14.379483,18.8222
2004-03-30 06:31:44.397581,18.8026
2004-03-30 06:32:14.417003,18.8124
2004-03-30 06:32:44.471140,18.8124
2004-03-30 06:33:44.490923,18.8026
2004-03-30 06:34:44.120431,18.8124
2004-03-30 06:35:14.537978,18.8124
2004-03-30 06:39:13.968506,18.8026
2004-03-30 06:40:14.479446,18.8026
2004-03-30 06:41:14.345104,18.8026
2004-03-30 06:41:43.909602,18.7928
2004-03-30 06:42:44.619276,18.7928
2004-03-30 06:43:44.140615,18.783
2004-03-30 06:45:44.741054,18.783
2004-03-30 06:46:14.022369,18.783
2004-03-30 06:49:14.454861,18.7634
2004-03-30 06:51:44.396224,18.7634
2004-03-30 06:52:14.684283,18.7634
2004-03-30 06:53:13.814727,18.7634
2004-03-30 06:55:44.251190,18.734
2004-03-30 06:58:44.451588,18.734
2004-03-30 07:00:44.502494,18.7144
2004-03-30 07:01:14.465846,18.734
2004-03-30 07:02:44.429776,18.7144
2004-03-30 07:03:14.342491,18.7046
2004-03-30 07:03:44.418114,18.7144
2004-03-30 07:05:14.313235,18.6948
2004-03-30 07:05:44.042857,18.685
2004-03-30 07:08:14.207198,18.685
2004-03-30 07:09:43.959727,18.6556
2004-03-30 07:11:13.910400,18.6556
2004-03-30 07:12:14.624522,18.6654
2004-03-30 07:12:43.909490,18.6556
2004-03-30 07:14:14.476432,18.6458
2004-03-30 07:15:44.510576,18.636
2004-03-30 07:16:44.200415,18.636
2004-03-30 07:17:14.723547,18.6262
2004-03-30 07:18:14.193838,18.5968
2004-03-30 07:19:14.786804,18.5772
2004-03-30 07:20:14.539328,18.5772
2004-03-30 07:20:44.116136,18.5576
2004-03-30 07:21:44.733933,18.538
2004-03-30 07:24:44.778369,18.489
2004-03-30 07:25:44.372352,18.4596
2004-03-30 07:26:14.715618,18.4498
2004-03-30 07:26:44.680169,18.4302
2004-03-30 07:28:14.956823,18.4204
2004-03-30 07:28:44.971028,18.4204
2004-03-30 07:30:14.553744,18.4008
2004-03-30 07:30:44.079266,18.391
2004-03-30 07:31:14.514046,18.3812
2004-03-30 07:31:44.467381,18.3714
2004-03-30 07:33:14.685108,18.3812
2004-03-30 07:33:44.273090,18.3616
2004-03-30 07:36:14.816013,18.342
2004-03-30 07:37:13.957358,18.342
2004-03-30 07:39:13.857433,18.3322
2004-03-30 07:39:44.118201,18.3322
2004-03-30 07:42:14.711140,18.2832
2004-03-30 07:43:14.722444,18.2636
2004-03-30 07:43:43.925884,18.2636
2004-03-30 07:44:44.490477,18.244
2004-03-30 07:45:43.969542,18.244
2004-03-30 07:46:44.576247,18.244
2004-03-30 07:49:14.581111,18.2048
2004-03-30 07:51:44.887004,18.1656
2004-03-30 07:53:14.685559,18.1656
2004-03-30 07:54:14.841286,18.146
2004-03-30 07:54:44.028940,18.146
2004-03-30 07:55:44.027942,18.1166
2004-03-30 07:56:14.388992,18.1068
2004-03-30 07:57:14.268326,18.097
2004-03-30 07:59:14.432573,18.0774
2004-03-30 08:00:44.819945,18.0872
2004-03-30 08:01:14.510424,18.0872
2004-03-30 08:02:14.310474,18.0872
2004-03-30 08:04:14.505544,18.0774
2004-03-30 08:04:44.279389,18.0676
2004-03-30 08:05:13.953098,18.0676
2004-03-30 08:05:44.661065,18.0676
2004-03-30 08:06:44.456202,18.0676
2004-03-30 08:07:14.508373,18.0676
2004-03-30 08:08:14.482273,18.0676
2004-03-30 08:09:14.679172,18.048
2004-03-30 08:10:14.317610,18.048
2004-03-30 08:10:44.274792,18.0284
2004-03-30 08:11:44.273958,18.0186
2004-03-30 08:12:44.840524,18.0186
2004-03-30 08:13:44.536257,18.0186
2004-03-30 08:14:44.374498,18.0088
2004-03-30 08:15:14.533497,17.999000000000006
2004-03-30 08:16:14.189024,17.9696
2004-03-30 08:16:44.232052,17.9892
2004-03-30 08:17:44.824964,17.9892
2004-03-30 08:18:43.915176,17.999000000000006
2004-03-30 08:20:44.195803,17.9794
2004-03-30 08:21:14.424027,17.9892
2004-03-30 08:23:44.250734,17.9696
2004-03-30 08:24:14.610883,17.9696
2004-03-30 08:25:44.230761,17.9794
2004-03-30 08:26:44.407897,17.9794
2004-03-30 08:27:44.558914,17.9696
2004-03-30 08:30:44.604121,17.9794
2004-03-30 08:31:14.525939,17.9794
2004-03-30 08:32:14.500707,18.0088
2004-03-30 08:32:44.693981,18.0382
2004-03-30 08:34:14.316460,18.0872
2004-03-30 08:34:44.895344,18.0872
2004-03-30 08:35:14.460139,18.0578
2004-03-30 08:37:44.922845,18.048
2004-03-30 08:40:14.335090,18.0676
2004-03-30 08:43:14.555449,18.0774
2004-03-30 08:43:44.518503,18.0676
2004-03-30 08:44:14.979585,18.0872
2004-03-30 08:44:44.755496,18.0872
2004-03-30 08:45:13.921264,18.0872
2004-03-30 08:48:44.983385,18.1264
2004-03-30 08:50:14.624895,18.1166
2004-03-30 08:51:14.442798,18.1264
2004-03-30 08:51:44.586193,18.1264
2004-03-30 08:52:44.367678,18.1362
2004-03-30 08:54:14.540186,18.146
2004-03-30 08:55:14.675665,18.1264
2004-03-30 08:55:44.388437,18.1362
2004-03-30 08:56:14.138204,18.146
2004-03-30 08:57:14.831461,18.146
2004-03-30 08:57:44.922203,18.1656
2004-03-30 08:58:44.533222,18.146
2004-03-30 08:59:14.941390,18.146
2004-03-30 08:59:44.631219,18.1362
2004-03-30 09:00:14.992683,18.1264
2004-03-30 09:00:44.968947,18.1264
2004-03-30 09:01:14.544079,18.146
2004-03-30 09:01:44.505299,18.146
2004-03-30 09:03:44.596303,18.146
2004-03-30 09:05:14.894872,18.1558
2004-03-30 09:06:44.730874,18.1656
2004-03-30 09:07:15.061781,18.1754
2004-03-30 09:08:14.059044,18.1852
2004-03-30 09:10:14.667202,18.1852
2004-03-30 09:11:44.965144,18.1852
2004-03-30 09:12:44.511582,18.2048
2004-03-30 09:13:44.297248,18.2244
2004-03-30 09:16:14.119858,18.2636
2004-03-30 09:16:44.267684,18.244
2004-03-30 09:17:14.616889,18.244
2004-03-30 09:17:44.641081,18.244
2004-03-30 09:20:44.580056,18.2832
2004-03-30 09:21:44.768860,18.2636
2004-03-30 09:25:14.096737,18.293
2004-03-30 09:28:44.723880,18.3224
2004-03-30 09:29:14.379873,18.3322
2004-03-30 09:31:14.329944,18.3322
2004-03-30 09:32:45.004523,18.3322
2004-03-30 09:33:14.619265,18.3224
2004-03-30 09:35:14.121726,18.3518
2004-03-30 09:35:44.663037,18.3616
2004-03-30 09:37:14.484386,18.3616
2004-03-30 09:37:44.205115,18.342
2004-03-30 09:40:44.947048,18.3616
2004-03-30 09:41:14.366990,18.3616
2004-03-30 10:06:44.978367,21.282
2004-03-30 10:07:14.645737,21.3212
2004-03-30 10:08:44.858482,21.38
2004-03-30 10:09:15.331602,21.3996
2004-03-30 10:10:44.229702,21.4584
2004-03-30 14:33:44.602971,22.4482
2004-03-30 14:34:15.091212,22.4482
2004-03-30 14:34:44.627690,22.4482
2004-03-30 14:35:44.607878,22.4874
2004-03-30 14:37:45.394633,22.4776
2004-03-30 14:43:44.619965,22.4874
2004-03-30 14:44:45.125922,22.4972
2004-03-30 14:55:14.914774,22.5756
2004-03-30 14:59:14.600534,22.5364
2004-03-30 15:01:44.898392,22.5756
2004-03-30 18:17:15.705816,21.1154
2004-03-30 18:22:19.260479,21.1252
2004-03-30 18:24:45.488140,21.135
2004-03-30 18:25:15.080329,21.135
2004-03-30 18:25:45.495468,21.135
2004-03-30 18:26:44.786715,21.1448
2004-03-30 20:50:57.697199,20.0276
2004-03-30 20:58:45.430968,20.1452
2004-03-30 20:59:45.873779,20.0766
2004-03-30 21:00:45.739992,20.0374
2004-03-30 21:01:16.007571,20.0178
2004-03-30 21:02:15.906041,19.9884
2004-03-30 21:02:46.010905,19.9884
2004-03-30 21:03:15.219718,19.9884
2004-03-30 21:04:15.736132,19.9884
2004-03-30 21:06:15.967415,19.9198
2004-03-30 21:16:18.317611,19.8708
2004-03-30 21:22:45.527043,19.8708
2004-03-30 23:23:15.780331,19.1652
2004-03-30 23:24:15.842114,19.1652
2004-03-30 23:25:46.165462,19.1554
2004-03-30 23:27:16.088662,19.1358
2004-03-30 23:28:15.902417,19.126
2004-03-30 23:29:45.878147,19.1064
2004-03-30 23:30:46.163987,19.1064
2004-03-30 23:32:16.200403,19.0574
2004-03-30 23:32:46.123743,19.0476
2004-03-30 23:33:16.214246,19.0476
2004-03-30 23:34:45.675838,19.0574
2004-03-30 23:35:16.000145,19.0672
2004-03-30 23:38:45.907866,19.0574
2004-03-30 23:42:16.201873,19.028
2004-03-30 23:47:15.327511,18.9594
2004-03-30 23:57:15.681850,18.9594
2004-03-31 00:01:15.453526,18.9594
2004-03-31 00:05:46.349904,18.93
2004-03-31 00:22:46.014481,18.8124
2004-03-31 00:28:15.995575,18.783
2004-03-31 00:29:15.727003,18.8026
2004-03-31 00:29:45.516653,18.8026
2004-03-31 00:32:15.360643,18.7732
2004-03-31 00:33:15.489836,18.7732
2004-03-31 00:37:15.622238,18.734
2004-03-31 00:38:15.567745,18.734
2004-03-31 00:41:46.321961,18.6556
2004-03-31 00:44:16.225662,18.6556
2004-03-31 00:45:45.608005,18.6654
2004-03-31 00:48:46.246758,18.6752
2004-03-31 01:03:15.776245,18.6066
2004-03-31 01:08:15.801379,18.5772
2004-03-31 01:08:45.614028,18.587
2004-03-31 01:11:16.404731,18.538
2004-03-31 01:20:46.450789,18.4302
2004-03-31 01:25:16.271570,18.3714
2004-03-31 01:25:46.331902,18.3616
2004-03-31 01:31:16.097147,18.3126
2004-03-31 01:35:45.905859,18.2636
2004-03-31 01:43:45.641489,18.1754
2004-03-31 01:44:16.108059,18.1754
2004-03-31 01:45:16.387401,18.1656
2004-03-31 01:46:16.304166,18.1558
2004-03-31 01:47:15.829560,18.146
2004-03-31 01:47:45.891979,18.1362
2004-03-31 01:48:45.658213,18.1264
2004-03-31 01:53:15.876634,18.0872
2004-03-31 01:53:46.414132,18.0872
2004-03-31 02:00:46.417570,18.0382
2004-03-31 02:05:46.515987,17.9892
2004-03-31 02:10:45.571795,17.9402
2004-03-31 02:12:46.478060,17.9304
2004-03-31 02:20:46.333590,17.852
2004-03-31 02:23:16.387983,17.852
2004-03-31 02:25:16.221041,17.8324
2004-03-31 02:30:45.640374,17.803
2004-03-31 02:33:16.598654,17.7834
2004-03-31 02:37:46.498541,17.7834
2004-03-31 02:39:16.373465,17.7638
2004-03-31 02:39:46.683340,17.754
2004-03-31 02:40:16.044717,17.754
2004-03-31 02:56:16.571232,17.7148
2004-03-31 02:58:15.728141,17.6952
2004-03-31 02:59:45.965707,17.6952
2004-03-31 03:02:16.422782,17.6952
2004-03-31 03:02:46.218359,17.6854
2004-03-31 03:05:15.631978,17.6756
2004-03-31 03:05:46.487981,17.6756
2004-03-31 03:06:15.986130,17.6658
2004-03-31 03:07:15.779031,17.6756
2004-03-31 03:07:47.932861,17.656
2004-03-31 03:09:50.234112,17.656
2004-03-31 03:11:16.800942,17.6756
2004-03-31 03:14:46.682449,17.6364
2004-03-31 03:15:45.769597,17.6168
2004-03-31 03:16:18.150827,17.6168
2004-03-31 03:20:18.320628,17.5972
2004-03-31 03:21:16.152195,17.5972
2004-03-31 03:25:15.750896,17.5874
2004-03-31 03:26:47.669746,17.5776
2004-03-31 03:28:15.832209,17.5776
2004-03-31 03:28:46.081671,17.5678
2004-03-31 03:31:16.360848,17.558
2004-03-31 03:31:46.302989,17.5384
2004-03-31 03:33:20.320373,17.5384
2004-03-31 03:34:47.983391,17.5384
2004-03-31 03:46:45.620484,17.5188
2004-03-31 03:56:16.533420,17.5188
2004-03-31 04:17:16.758333,17.4208
2004-03-31 04:29:16.583526,17.362000000000002
2004-03-31 04:31:46.077832,17.3326
2004-03-31 04:34:16.380678,17.3326
2004-03-31 04:38:16.320515,17.3228
2004-03-31 04:39:16.350656,17.313
2004-03-31 04:44:16.612934,17.264
2004-03-31 04:46:16.137902,17.2542
2004-03-31 04:48:16.652179,17.264
2004-03-31 04:50:54.667482,17.2346
2004-03-31 04:55:16.688710,17.2052
2004-03-31 04:59:16.658953,17.1856
2004-03-31 04:59:46.726785,17.1856
2004-03-31 05:03:48.377713,17.1464
2004-03-31 05:05:16.759055,17.1072
2004-03-31 05:08:46.370149,17.1072
2004-03-31 05:09:46.164832,17.117
2004-03-31 05:13:16.816003,17.067999999999998
2004-03-31 05:13:50.411361,17.0582
2004-03-31 05:14:16.076396,17.0582
2004-03-31 05:25:50.691043,16.9798
2004-03-31 05:26:46.151715,16.97
2004-03-31 05:27:23.066830,16.9504
2004-03-31 05:27:46.693573,16.9602
2004-03-31 05:28:16.212917,16.9504
2004-03-31 05:29:16.989447,16.9504
2004-03-31 05:29:47.959187,16.9602
2004-03-31 05:30:18.154567,16.9308
2004-03-31 05:31:18.164099,16.9504
2004-03-31 05:31:46.691489,16.9504
2004-03-31 05:32:16.260390,16.9504
2004-03-31 05:32:46.476394,16.9406
2004-03-31 05:33:50.343401,16.9308
2004-03-31 05:36:45.965294,16.8818
2004-03-31 05:41:16.680878,16.872
2004-03-31 05:42:16.794570,16.8524
2004-03-31 05:46:46.598531,16.8426
2004-03-31 05:47:16.773795,16.823
2004-03-31 05:47:46.464062,16.8328
2004-03-31 05:50:16.541607,16.8132
2004-03-31 05:54:16.252374,16.774
2004-03-31 05:57:16.334224,16.7544
2004-03-31 06:00:16.219454,16.7544
2004-03-31 06:04:46.739977,16.7152
2004-03-31 06:05:46.309174,16.7152
2004-03-31 06:06:18.024069,16.7152
2004-03-31 06:06:47.985056,16.7054
2004-03-31 06:07:45.997887,16.7152
2004-03-31 06:08:50.834462,16.6956
2004-03-31 06:11:16.058141,16.676
2004-03-31 06:13:16.826439,16.6466
2004-03-31 06:14:46.832444,16.6564
2004-03-31 06:15:46.035568,16.6564
2004-03-31 06:17:47.041456,16.6466
2004-03-31 06:18:16.772105,16.6368
2004-03-31 06:19:16.466265,16.6368
2004-03-31 06:20:46.001458,16.627
2004-03-31 06:22:46.012530,16.6368
2004-03-31 06:23:16.049796,16.6368
2004-03-31 06:25:16.301756,16.6368
2004-03-31 06:28:46.216879,16.6368
2004-03-31 06:29:55.366755,16.627
2004-03-31 06:31:46.515529,16.6368
2004-03-31 06:34:46.751753,16.627
2004-03-31 06:36:16.823923,16.627
2004-03-31 06:36:46.248226,16.6368
2004-03-31 06:39:16.660991,16.6368
2004-03-31 06:45:47.007079,16.676
2004-03-31 06:55:50.860619,16.6956
2004-03-31 06:58:20.712635,16.7054
2004-03-31 06:59:46.005005,16.7054
2004-03-31 07:00:48.105809,16.7054
2004-03-31 07:01:17.161894,16.7152
2004-03-31 07:01:48.377861,16.7152
2004-03-31 07:02:18.343604,16.725
2004-03-31 07:05:48.131204,16.7544
2004-03-31 07:07:16.067269,16.774
2004-03-31 07:08:46.874089,16.7936
2004-03-31 07:09:16.230580,16.7936
2004-03-31 07:15:16.700961,16.8916
2004-03-31 07:27:46.637855,16.9896
2004-03-31 07:31:16.928344,16.97
2004-03-31 07:33:17.007846,16.9798
2004-03-31 07:37:46.087380,17.0092
2004-03-31 07:38:46.536430,17.019000000000002
2004-03-31 07:39:18.589429,17.019000000000002
2004-03-31 07:43:16.878778,17.067999999999998
2004-03-31 07:48:18.388375,17.1464
2004-03-31 07:50:50.833451,17.1856
2004-03-31 07:51:16.213842,17.1856
2004-03-31 07:53:16.910344,17.215
2004-03-31 07:57:48.198376,17.2738
2004-03-31 08:26:16.757839,18.4008
2004-03-31 08:33:17.059124,18.6752
2004-03-31 08:42:17.148005,19.0476
2004-03-31 08:42:47.062259,19.0672
2004-03-31 08:48:47.028176,19.224
2004-03-31 09:02:46.544509,19.6748
2004-03-31 09:06:47.223420,19.812
2004-03-31 09:14:51.105112,20.0668
2004-03-31 09:15:50.767506,20.0962
2004-03-31 09:16:16.986105,20.106
2004-03-31 09:17:46.364651,20.204
2004-03-31 09:20:16.303715,20.2824
2004-03-31 09:25:46.754814,20.5274
2004-03-31 09:26:46.903132,20.5568
2004-03-31 09:28:48.401284,20.6156
2004-03-31 09:29:47.008934,20.6352
2004-03-31 09:32:50.559398,20.7626
2004-03-31 09:34:46.552576,20.841
2004-03-31 09:36:48.273615,20.9488
2004-03-31 09:40:17.223858,21.0468
2004-03-31 09:40:46.364994,21.0468
2004-03-31 09:53:46.303239,21.5172
2004-03-31 09:57:46.278494,21.5466
2004-03-31 09:58:46.927719,21.5368
2004-03-31 10:36:46.539495,22.3992
2004-03-31 11:04:16.759181,24.124
2004-03-31 11:05:46.806914,24.124
2004-03-31 11:06:47.317690,24.1436
2004-03-31 11:07:47.433076,24.1632
2004-03-31 11:10:17.086013,24.3004
2004-03-31 11:23:47.077231,25.2804
2004-03-31 11:24:17.042838,25.3098
2004-03-31 11:34:17.085530,25.4372
2004-03-31 11:51:17.071770,24.5944
2004-03-31 12:10:19.556043,24.2024
2004-03-31 12:11:18.622511,24.2514
2004-03-31 12:11:46.524431,24.271
2004-03-31 12:20:47.078278,25.1432
2004-03-31 12:22:46.637116,25.006
2004-03-31 12:24:47.154068,25.1922
2004-03-31 12:26:46.491259,25.6136
2004-03-31 12:31:17.244601,25.839
2004-03-31 12:34:46.776772,25.6528
2004-03-31 12:35:34.269911,25.6528
2004-03-31 12:36:17.043979,25.6332
2004-03-31 12:36:47.650460,25.6332
2004-03-31 12:37:17.324305,25.545
2004-03-31 12:38:17.518214,25.5058
2004-03-31 12:40:54.576031,25.5842
2004-03-31 12:41:21.339886,25.5548
2004-03-31 12:43:17.026063,25.2804
2004-03-31 14:27:47.207066,28.7104
2004-03-31 14:28:17.350186,28.7692
2004-03-31 14:29:47.811899,28.9456
2004-03-31 14:30:47.642882,28.8672
2004-03-31 14:32:17.811607,28.7986
2004-03-31 14:32:47.270160,28.828000000000007
2004-03-31 14:35:47.294391,28.6712
2004-03-31 14:38:51.978303,28.5732
2004-03-31 14:40:31.331206,28.2204
2004-03-31 14:41:29.743142,28.0832
2004-03-31 14:42:51.146189,27.9068
2004-03-31 14:45:48.077414,27.5736
2004-03-31 14:46:18.224109,27.4658
2004-03-31 14:46:48.546080,27.3482
2004-03-31 14:50:17.912424,26.7602
2004-03-31 14:50:47.521646,26.6916
2004-03-31 14:51:47.243812,26.5544
2004-03-31 14:52:47.818179,26.427
2004-03-31 14:53:47.355174,26.2898
2004-03-31 15:02:47.292320,26.1624
2004-03-31 15:03:17.676817,26.1624
2004-03-31 15:06:56.107527,26.2212
2004-03-31 15:11:18.639344,25.1824
2004-03-31 15:14:47.839646,25.3784
2004-03-31 15:20:18.452661,25.6528
2004-03-31 15:22:19.364163,25.643
2004-03-31 15:26:55.615478,25.1432
2004-03-31 15:27:18.374291,25.1138
2004-03-31 15:29:47.717487,24.9766
2004-03-31 15:51:18.167894,28.7692
2004-03-31 15:59:19.135120,25.6136
2004-03-31 15:59:47.233927,25.5254
2004-03-31 16:00:19.247050,25.4274
2004-03-31 16:00:49.183254,25.3392
2004-03-31 16:01:19.444135,25.2706
2004-03-31 16:01:51.229398,25.2314
2004-03-31 16:04:47.301277,25.202
2004-03-31 16:05:48.198424,25.2608
2004-03-31 16:06:18.101537,25.251
2004-03-31 16:15:17.688202,24.6826
2004-03-31 16:15:47.489937,24.4572
2004-03-31 16:16:16.949464,24.271
2004-03-31 16:17:16.950574,23.928
2004-03-31 16:17:55.882052,23.7516
2004-03-31 16:18:46.960296,23.6144
2004-03-31 16:19:17.547756,23.5164
2004-03-31 16:19:47.632648,23.4184
2004-03-31 16:21:55.654486,23.0166
2004-03-31 16:22:17.423575,22.9872
2004-03-31 16:23:47.313588,22.8598
2004-03-31 16:26:17.538858,22.654
2004-03-31 16:28:17.478079,22.5952
2004-03-31 16:29:17.749530,22.605
2004-03-31 16:30:49.167976,22.6246
2004-03-31 16:31:47.276118,22.5854
2004-03-31 16:32:17.256714,22.5658
2004-03-31 16:33:17.593847,22.5462
2004-03-31 16:34:17.565017,22.5364
2004-03-31 16:35:47.243446,22.458
2004-03-31 16:39:47.475735,22.3796
2004-03-31 16:42:47.914373,22.3992
2004-03-31 16:43:47.332588,22.36
2004-03-31 16:44:17.257063,22.3698
2004-03-31 16:45:47.237974,22.2718
2004-03-31 16:46:17.405545,22.2718
2004-03-31 16:46:51.377536,22.2718
2004-03-31 16:47:47.003479,22.2326
2004-03-31 16:48:17.256292,22.2326
2004-03-31 16:49:17.455018,22.1346
2004-03-31 16:50:17.853148,22.1444
2004-03-31 16:50:47.723399,22.1248
2004-03-31 16:54:48.904037,22.0268
2004-03-31 16:55:17.057611,22.0268
2004-03-31 16:56:47.003539,22.0268
2004-03-31 16:57:21.839047,22.0268
2004-03-31 16:57:47.661604,22.0072
2004-03-31 16:58:23.461477,22.0072
2004-03-31 16:58:47.065888,22.017
2004-03-31 16:59:23.603265,22.0072
2004-03-31 16:59:47.383373,21.9876
2004-03-31 17:00:47.851267,21.9288
2004-03-31 17:01:16.951460,21.8994
2004-03-31 17:02:47.989236,21.8308
2004-03-31 17:03:17.498350,21.8112
2004-03-31 17:04:17.187916,21.8112
2004-03-31 17:04:47.768898,21.8112
2004-03-31 17:05:17.000220,21.8112
2004-03-31 17:07:47.735913,21.8112
2004-03-31 17:08:47.357385,21.8308
2004-03-31 17:09:46.828460,21.8504
2004-03-31 17:14:25.488130,21.968000000000004
2004-03-31 17:15:47.655175,22.0072
2004-03-31 17:16:17.557472,22.0072
2004-03-31 17:19:47.789529,22.066
2004-03-31 17:20:17.566152,22.066
2004-03-31 17:20:47.106870,22.066
2004-03-31 17:21:47.401127,22.0856
2004-03-31 17:22:55.034428,22.0856
2004-03-31 17:23:17.669253,22.0856
2004-03-31 17:24:47.235768,22.0954
2004-03-31 17:27:17.956579,22.1052
2004-03-31 17:28:17.787459,22.1248
2004-03-31 17:29:47.734612,22.1248
2004-03-31 17:30:17.911622,22.1444
2004-03-31 17:32:17.953489,22.1346
2004-03-31 17:32:47.308647,22.1444
2004-03-31 17:33:17.884108,22.1542
2004-03-31 17:34:17.727464,22.1444
2004-03-31 17:35:47.267941,22.164
2004-03-31 17:36:17.343199,22.164
2004-03-31 17:37:17.293281,22.164
2004-03-31 17:37:47.267263,22.1738
2004-03-31 17:38:47.493017,22.164
2004-03-31 17:43:17.871195,22.164
2004-03-31 17:44:17.586149,22.1836
2004-03-31 17:44:47.940037,22.164
2004-03-31 17:45:47.348289,22.164
2004-03-31 17:46:17.757162,22.1248
2004-03-31 17:48:17.416098,22.115
2004-03-31 17:48:47.879141,22.115
2004-03-31 17:49:47.993876,22.0856
2004-03-31 17:50:47.146142,22.0758
2004-03-31 17:54:47.128437,21.9876
2004-03-31 17:55:26.730767,21.9778
2004-03-31 17:56:17.966707,21.9386
2004-03-31 18:00:17.562663,21.8112
2004-03-31 18:02:52.016116,21.87
2004-03-31 18:03:21.776337,21.8994
2004-03-31 18:05:17.768887,21.9876
2004-03-31 18:07:17.844326,22.066
2004-03-31 18:10:17.348958,22.1248
2004-03-31 18:10:47.906700,22.1444
2004-03-31 18:13:17.445552,22.164
2004-03-31 18:14:18.008640,22.164
2004-03-31 18:17:47.651178,22.1738
2004-03-31 18:20:18.038182,22.1836
2004-03-31 18:21:17.892672,22.1836
2004-03-31 18:22:47.600966,22.164
2004-03-31 18:23:17.622552,22.164
2004-03-31 18:24:17.714474,22.1542
2004-03-31 18:26:17.694077,22.1248
2004-03-31 18:27:17.187014,22.1248
2004-03-31 18:28:47.112401,22.0954
2004-03-31 18:32:47.654352,22.0268
2004-03-31 18:33:17.905404,22.017
2004-03-31 18:33:48.030769,22.0268
2004-03-31 18:34:17.452892,22.017
2004-03-31 18:34:47.202288,22.0366
2004-03-31 18:35:47.427005,22.0268
2004-03-31 18:36:53.535750,22.0562
2004-03-31 18:37:17.534011,22.066
2004-03-31 18:37:47.875608,22.0562
2004-03-31 18:38:47.151486,22.0464
2004-03-31 18:39:18.024038,22.0464
2004-03-31 18:41:17.251640,22.0268
2004-03-31 18:42:17.188967,22.0268
2004-03-31 18:42:47.581314,22.0072
2004-03-31 18:43:17.157034,22.0072
2004-03-31 18:43:47.733224,22.0072
2004-03-31 18:44:17.935545,21.9974
2004-03-31 18:45:17.551388,22.0072
2004-03-31 18:45:47.428642,21.9876
2004-03-31 18:46:17.198638,21.9876
2004-03-31 18:47:47.863018,21.9778
2004-03-31 18:48:18.010394,21.968000000000004
2004-03-31 18:48:47.746123,21.9582
2004-03-31 18:49:19.258624,21.9092
2004-03-31 18:49:47.590925,21.9288
2004-03-31 18:50:17.252338,21.9386
2004-03-31 18:51:48.222125,21.8994
2004-03-31 18:52:19.614824,21.8994
2004-03-31 18:52:47.480055,21.9092
2004-03-31 18:53:47.922677,21.9288
2004-03-31 18:56:25.500402,21.8504
2004-03-31 18:56:47.171063,21.8504
2004-03-31 18:57:17.416671,21.8504
2004-03-31 18:57:47.890733,21.8602
2004-03-31 18:58:17.675803,21.8504
2004-03-31 18:58:47.210962,21.8308
2004-03-31 18:59:18.147160,21.8308
2004-03-31 18:59:51.412196,21.8406
2004-03-31 19:01:47.673133,21.87
2004-03-31 19:02:18.099342,21.87
2004-03-31 19:02:49.396357,21.8602
2004-03-31 19:03:17.739458,21.8308
2004-03-31 19:03:51.773355,21.8308
2004-03-31 19:04:17.530294,21.8308
2004-03-31 19:05:17.203803,21.8112
2004-03-31 19:05:47.289961,21.8112
2004-03-31 19:06:47.719845,21.8014
2004-03-31 19:07:17.037033,21.8112
2004-03-31 19:08:24.062726,21.7818
2004-03-31 19:10:47.860231,21.7916
2004-03-31 19:11:17.875076,21.7916
2004-03-31 19:12:48.249485,21.772
2004-03-31 19:13:18.094529,21.7622
2004-03-31 19:13:56.589108,21.7524
2004-03-31 19:14:17.452325,21.7622
2004-03-31 19:15:49.403023,21.7622
2004-03-31 19:16:47.778322,21.772
2004-03-31 19:17:17.721707,21.7524
2004-03-31 19:17:47.357005,21.7524
2004-03-31 19:18:18.101332,21.7524
2004-03-31 19:18:47.130687,21.7426
2004-03-31 19:20:47.766533,21.7132
2004-03-31 19:21:18.044506,21.7132
2004-03-31 19:22:17.647590,21.674
2004-03-31 19:24:47.680154,21.6348
2004-03-31 19:25:23.585252,21.625
2004-03-31 19:26:17.386382,21.625
2004-03-31 19:27:26.043671,21.625
2004-03-31 19:27:58.267918,21.6348
2004-03-31 19:28:16.987998,21.625
2004-03-31 19:28:51.881777,21.6152
2004-03-31 19:29:17.542493,21.6054
2004-03-31 19:29:56.343875,21.6152
2004-03-31 19:30:17.307972,21.5956
2004-03-31 19:30:47.501939,21.5956
2004-03-31 19:31:47.970122,21.5662
2004-03-31 19:32:48.038924,21.5564
2004-03-31 19:33:47.197540,21.5564
2004-03-31 19:34:17.595370,21.5564
2004-03-31 19:36:48.097228,21.5368
2004-03-31 19:37:53.530075,21.527
2004-03-31 19:38:17.772171,21.5368
2004-03-31 19:38:47.545965,21.527
2004-03-31 19:39:19.333173,21.5172
2004-03-31 19:40:21.675298,21.4976
2004-03-31 19:40:47.689313,21.527
2004-03-31 19:43:17.372240,21.5172
2004-03-31 19:44:17.527825,21.5074
2004-03-31 19:45:17.420250,21.4976
2004-03-31 19:46:17.498403,21.478
2004-03-31 19:47:00.619461,21.4682
2004-03-31 19:47:18.970307,21.4584
2004-03-31 19:48:18.221807,21.4192
2004-03-31 19:48:47.980265,21.4192
2004-03-31 19:49:17.236225,21.4192
2004-03-31 19:49:48.006815,21.4094
2004-03-31 19:50:17.643746,21.4094
2004-03-31 19:50:49.304772,21.3996
2004-03-31 19:51:18.111650,21.3898
2004-03-31 19:51:47.455585,21.3996
2004-03-31 19:52:19.422697,21.3996
2004-03-31 19:53:17.794490,21.3898
2004-03-31 19:53:47.706882,21.3996
2004-03-31 19:55:17.666287,21.3898
2004-03-31 19:55:55.935199,21.38
2004-03-31 19:56:17.437329,21.38
2004-03-31 19:56:48.328849,21.38
2004-03-31 19:57:47.605433,21.3506
2004-03-31 19:58:47.925578,21.3506
2004-03-31 19:59:47.866381,21.3506
2004-03-31 20:00:17.666755,21.3506
2004-03-31 20:00:48.276725,21.331
2004-03-31 20:01:17.494705,21.3408
2004-03-31 20:01:47.556558,21.3212
2004-03-31 20:02:23.902950,21.2918
2004-03-31 20:03:17.708996,21.3212
2004-03-31 20:03:48.132575,21.3212
2004-03-31 20:04:17.560918,21.3408
2004-03-31 20:05:17.687056,21.38
2004-03-31 20:06:18.067239,21.3604
2004-03-31 20:07:48.150258,21.3114
2004-03-31 20:08:17.781195,21.282
2004-03-31 20:08:47.785963,21.2624
2004-03-31 20:09:47.285638,21.2624
2004-03-31 20:10:17.534545,21.2624
2004-03-31 20:12:18.004913,21.2428
2004-03-31 20:12:47.976125,21.2428
2004-03-31 20:13:17.851778,21.2722
2004-03-31 20:13:48.194232,21.3604
2004-03-31 20:15:47.621874,21.3114
2004-03-31 20:16:48.004102,21.2624
2004-03-31 20:19:47.985705,21.3016
2004-03-31 20:21:18.068408,21.2428
2004-03-31 20:22:47.685897,21.2232
2004-03-31 20:23:18.116135,21.2134
2004-03-31 20:23:48.291945,21.2036
2004-03-31 20:25:17.707452,21.184
2004-03-31 20:25:48.027141,21.184
2004-03-31 20:26:17.950423,21.2036
2004-03-31 20:26:48.211998,21.1938
2004-03-31 20:27:47.859137,21.1644
2004-03-31 20:29:00.933095,21.1448
2004-03-31 20:31:17.642395,21.1056
2004-03-31 20:32:17.884150,21.0958
2004-03-31 20:33:18.144216,21.0664
2004-03-31 20:33:48.167323,21.0762
2004-03-31 20:34:48.044732,21.0762
2004-03-31 20:36:17.390518,21.0762
2004-03-31 20:37:17.262773,21.0664
2004-03-31 20:38:25.942398,21.0174
2004-03-31 20:38:47.493148,21.0076
2004-03-31 20:39:47.968655,20.9782
2004-03-31 20:40:18.028014,20.9782
2004-03-31 20:40:48.099307,20.9782
2004-03-31 20:41:17.506423,20.9684
2004-03-31 20:41:47.828293,20.988000000000003
2004-03-31 20:42:17.249949,20.988000000000003
2004-03-31 20:42:47.603491,20.988000000000003
2004-03-31 20:43:47.487093,20.9586
2004-03-31 20:46:48.193925,20.9194
2004-03-31 20:49:17.631357,20.9194
2004-03-31 20:49:48.155035,20.9096
2004-03-31 20:50:17.316612,20.9096
2004-03-31 20:50:47.598083,20.9096
2004-03-31 20:51:17.930856,20.8998
2004-03-31 20:51:47.528214,20.9096
2004-03-31 20:52:17.817083,20.8998
2004-03-31 20:53:48.178324,20.841
2004-03-31 20:54:24.525160,20.8312
2004-03-31 20:54:47.423906,20.841
2004-03-31 20:56:17.675059,20.8606
2004-03-31 20:56:47.664156,20.841
2004-03-31 20:57:47.766602,20.8312
2004-03-31 20:58:17.432504,20.841
2004-03-31 20:59:17.100679,20.8312
2004-03-31 20:59:48.361086,20.9978
2004-03-31 21:00:48.099314,21.0076
2004-03-31 21:01:47.446545,20.9586
2004-03-31 21:03:18.354093,20.8998
2004-03-31 21:03:47.710609,20.89
2004-03-31 21:04:17.730204,20.8802
2004-03-31 21:04:48.192520,20.8704
2004-03-31 21:06:47.538406,20.8312
2004-03-31 21:07:19.725648,20.8116
2004-03-31 21:07:53.965367,20.792
2004-03-31 21:08:17.736825,20.7626
2004-03-31 21:10:47.356375,20.743
2004-03-31 21:11:18.263736,20.7332
2004-03-31 21:11:48.045916,20.7332
2004-03-31 21:12:17.872445,20.7332
2004-03-31 21:12:48.217662,20.7332
2004-03-31 21:13:18.268997,20.7332
2004-03-31 21:13:47.415634,20.7234
2004-03-31 21:14:18.065775,20.7332
2004-03-31 21:14:47.336144,20.743
2004-03-31 21:16:18.341888,20.7234
2004-03-31 21:16:47.871814,20.7332
2004-03-31 21:19:17.151359,20.7038
2004-03-31 21:20:24.078473,20.8508
2004-03-31 21:20:47.703988,20.8606
2004-03-31 21:21:17.790848,20.8214
2004-03-31 21:21:47.421556,20.792
2004-03-31 21:22:18.190625,20.7626
2004-03-31 21:23:17.952315,20.743
2004-03-31 21:23:47.868820,20.7332
2004-03-31 21:24:19.479076,20.7136
2004-03-31 21:24:54.177692,20.6842
2004-03-31 21:26:47.608632,20.6156
2004-03-31 21:28:18.325643,20.596
2004-03-31 21:28:47.472395,20.6156
2004-03-31 21:30:26.440906,20.596
2004-03-31 21:30:48.214810,20.596
2004-03-31 21:31:17.918141,20.596
2004-03-31 21:32:18.286241,20.5764
2004-03-31 21:33:52.147992,20.5764
2004-03-31 21:34:17.598260,20.5568
2004-03-31 21:34:48.112324,20.547
2004-03-31 21:35:17.440142,20.5568
2004-03-31 21:35:47.667440,20.5568
2004-03-31 21:36:17.476806,20.5764
2004-03-31 21:37:18.051300,20.5666
2004-03-31 21:37:47.807990,20.5568
2004-03-31 21:38:18.119269,20.5666
2004-03-31 21:38:48.124617,20.5666
2004-03-31 21:39:17.944135,20.5568
2004-03-31 21:40:26.512090,20.547
2004-03-31 21:40:47.958068,20.5372
2004-03-31 21:42:18.114125,20.547
2004-03-31 21:42:47.475100,20.547
2004-03-31 21:43:17.980025,20.547
2004-03-31 21:43:48.032006,20.547
2004-03-31 21:45:47.413702,20.5372
2004-03-31 21:46:17.433862,20.5372
2004-03-31 21:46:47.704941,20.5568
2004-03-31 21:47:17.999822,20.5568
2004-03-31 21:47:49.594708,20.5372
2004-03-31 21:48:51.876830,20.5372
2004-03-31 21:49:17.643245,20.5372
2004-03-31 21:50:17.772338,20.5372
2004-03-31 21:51:17.927265,20.547
2004-03-31 21:51:56.565204,20.5274
2004-03-31 21:52:18.090203,20.5176
2004-03-31 21:52:49.616814,20.5176
2004-03-31 21:53:17.415997,20.5078
2004-03-31 21:55:17.475779,20.498
2004-03-31 21:55:47.444591,20.498
2004-03-31 21:56:47.800556,20.4784
2004-03-31 21:57:26.374412,20.4784
2004-03-31 21:57:48.037869,20.4686
2004-03-31 21:58:17.470734,20.4686
2004-03-31 21:58:48.131962,20.4588
2004-03-31 21:59:23.940989,20.4588
2004-03-31 22:00:31.133368,20.4392
2004-03-31 22:00:47.839958,20.449
2004-03-31 22:01:17.663813,20.4392
2004-03-31 22:01:47.907336,20.4392
2004-03-31 22:02:17.437931,20.4392
2004-03-31 22:02:48.035759,20.4196
2004-03-31 22:04:30.790706,20.4
2004-03-31 22:04:49.479568,20.4196
2004-03-31 22:05:48.243079,20.4196
2004-03-31 22:06:17.961108,20.4294
2004-03-31 22:07:28.624989,20.4196
2004-03-31 22:08:17.903644,20.4
2004-03-31 22:09:47.631002,20.4
2004-03-31 22:12:18.325910,20.3804
2004-03-31 22:12:56.242217,20.3902
2004-03-31 22:14:18.208298,20.3804
2004-03-31 22:14:47.386255,20.3216
2004-03-31 22:15:51.922214,20.3314
2004-03-31 22:16:47.684518,20.351
2004-03-31 22:17:17.828763,20.351
2004-03-31 22:17:48.466517,20.3608
2004-03-31 22:18:26.814926,20.3608
2004-03-31 22:19:48.320226,20.3314
2004-03-31 22:20:18.021565,20.302
2004-03-31 22:20:48.537772,20.302
2004-03-31 22:21:17.513876,20.302
2004-03-31 22:21:48.058569,20.3118
2004-03-31 22:22:17.549774,20.3216
2004-03-31 22:22:48.349611,20.3216
2004-03-31 22:23:18.365013,20.3216
2004-03-31 22:24:18.305341,20.3314
2004-03-31 22:24:53.980723,20.3216
2004-03-31 22:25:48.385728,20.3216
2004-03-31 22:28:48.199379,20.3216
2004-03-31 22:29:17.989717,20.3216
2004-03-31 22:29:47.956472,20.302
2004-03-31 22:30:18.270828,20.2824
2004-03-31 22:30:47.858570,20.302
2004-03-31 22:31:19.509049,20.2922
2004-03-31 22:31:47.901874,20.2726
2004-03-31 22:32:17.924603,20.253
2004-03-31 22:32:48.072035,20.2236
2004-03-31 22:33:47.962032,20.253
2004-03-31 22:34:18.340296,20.2432
2004-03-31 22:34:47.881668,20.253
2004-03-31 22:35:17.938884,20.2628
2004-03-31 22:36:18.163679,20.2628
2004-03-31 22:37:47.661280,20.2628
2004-03-31 22:38:47.475911,20.2628
2004-03-31 22:39:18.211810,20.253
2004-03-31 22:40:17.756811,20.2726
2004-03-31 22:40:48.328573,20.2628
2004-03-31 22:41:28.827227,20.2628
2004-03-31 22:43:18.476137,20.2432
2004-03-31 22:43:47.926758,20.2432
2004-03-31 22:44:17.903444,20.2432
2004-03-31 22:44:58.674396,20.2432
2004-03-31 22:45:17.427809,20.2432
2004-03-31 22:45:48.356894,20.2334
2004-03-31 22:46:28.796773,20.2334
2004-03-31 22:47:18.073679,20.2236
2004-03-31 22:48:18.361539,20.2138
2004-03-31 22:48:48.344456,20.2138
2004-03-31 22:51:18.377124,20.1844
2004-03-31 22:51:48.293497,20.1844
2004-03-31 22:53:47.768454,20.1844
2004-03-31 22:54:18.136496,20.1844
2004-03-31 22:55:17.447182,20.1746
2004-03-31 22:57:48.140558,20.155
2004-03-31 22:59:18.176908,20.155
2004-03-31 23:00:18.309825,20.1452
2004-03-31 23:01:48.269853,20.1452
2004-03-31 23:02:18.293373,20.155
2004-03-31 23:02:47.472961,20.155
2004-03-31 23:05:18.121364,20.1354
2004-03-31 23:05:47.712408,20.1256
2004-03-31 23:06:48.333851,20.1158
2004-03-31 23:07:24.559795,20.1158
2004-03-31 23:08:18.259678,20.106
2004-03-31 23:08:47.633861,20.106
2004-03-31 23:09:48.261036,20.106
2004-03-31 23:10:47.954016,20.0864
2004-03-31 23:12:47.865742,20.0766
2004-03-31 23:13:18.368771,20.0668
2004-03-31 23:14:17.551470,20.057
2004-03-31 23:14:47.544640,20.0472
2004-03-31 23:15:18.261378,20.0374
2004-03-31 23:15:51.975250,20.0276
2004-03-31 23:16:18.027347,20.0276
2004-03-31 23:18:18.213579,20.0472
2004-03-31 23:18:47.956889,20.0276
2004-03-31 23:19:17.602701,20.0276
2004-03-31 23:20:18.285610,20.0276
2004-03-31 23:20:47.586766,20.0276
2004-03-31 23:21:18.436902,20.0276
2004-03-31 23:26:18.126224,19.9884
2004-03-31 23:27:17.635911,19.9786
2004-03-31 23:27:47.874985,19.9786
2004-03-31 23:28:17.583570,19.9688
2004-03-31 23:29:18.405493,19.9688
2004-03-31 23:30:17.936450,19.9492
2004-03-31 23:30:48.402420,19.9296
2004-03-31 23:32:18.343020,19.8904
2004-03-31 23:32:47.574490,19.8904
2004-03-31 23:33:17.868844,19.91
2004-03-31 23:34:17.894630,19.91
2004-03-31 23:34:52.074217,19.8806
2004-03-31 23:35:17.646448,19.8708
2004-03-31 23:35:48.275129,19.8708
2004-03-31 23:36:18.444401,19.8708
2004-03-31 23:36:47.606258,19.8806
2004-03-31 23:37:18.235790,19.861
2004-03-31 23:37:48.221881,19.8512
2004-03-31 23:39:18.114770,19.861
2004-03-31 23:40:47.662116,19.8316
2004-03-31 23:41:18.167985,19.8316
2004-03-31 23:41:47.863158,19.8316
2004-03-31 23:42:18.425552,19.8414
2004-03-31 23:42:48.160975,19.8512
2004-03-31 23:43:18.501609,19.861
2004-03-31 23:45:18.431640,19.861
2004-03-31 23:46:18.261758,19.812
2004-03-31 23:47:48.440725,19.8316
2004-03-31 23:48:17.676317,19.8316
2004-03-31 23:48:48.369511,19.8512
2004-03-31 23:49:17.929583,19.8316
2004-03-31 23:49:48.396123,19.8316
2004-03-31 23:50:17.864739,19.8316
2004-03-31 23:50:47.706153,19.8218
2004-03-31 23:51:54.373260,19.8414
2004-03-31 23:52:18.204878,19.8316
2004-03-31 23:52:48.030354,19.8512
2004-03-31 23:55:48.528631,19.8316
2004-03-31 23:56:17.871543,19.8218
2004-03-31 23:57:17.990402,19.8218
2004-03-31 23:57:48.116372,19.8316
2004-03-31 23:58:17.681260,19.8316
2004-03-31 23:59:22.170435,19.8218
2004-03-31 23:59:47.911308,19.7924
2004-04-01 00:00:17.919051,19.812
2004-04-01 00:01:48.014688,19.7924
2004-04-01 00:02:18.146064,19.7924
2004-04-01 00:04:18.007632,19.7728
2004-04-01 00:05:17.674158,19.7728
2004-04-01 00:08:17.798098,19.7532
2004-04-01 00:08:48.112139,19.7532
2004-04-01 00:09:47.686889,19.7532
2004-04-01 00:10:18.578999,19.7434
2004-04-01 00:11:17.672985,19.7434
2004-04-01 00:11:48.218207,19.7434
2004-04-01 00:12:17.612171,19.7434
2004-04-01 00:12:47.920672,19.7238
2004-04-01 00:13:18.223679,19.714
2004-04-01 00:13:47.578148,19.714
2004-04-01 00:14:22.327871,19.7042
2004-04-01 00:14:50.116234,19.714
2004-04-01 00:15:17.871052,19.6944
2004-04-01 00:16:17.975756,19.714
2004-04-01 00:16:47.966512,19.714
2004-04-01 00:18:48.275760,19.6944
2004-04-01 00:19:18.515542,19.6944
2004-04-01 00:20:18.238471,19.6944
2004-04-01 00:20:48.185996,19.6552
2004-04-01 00:21:47.641940,19.5964
2004-04-01 00:22:47.835683,19.5964
2004-04-01 00:23:17.870459,19.5964
2004-04-01 00:23:48.320528,19.6062
2004-04-01 00:24:18.178008,19.616
2004-04-01 00:24:56.636891,19.6258
2004-04-01 00:25:18.621530,19.6258
2004-04-01 00:26:48.472318,19.5768
2004-04-01 00:29:48.504747,19.616
2004-04-01 00:30:18.266135,19.616
2004-04-01 00:31:26.880241,19.6258
2004-04-01 00:32:18.211790,19.6062
2004-04-01 00:32:48.305274,19.6062
2004-04-01 00:33:18.367517,19.616
2004-04-01 00:33:48.146239,19.6062
2004-04-01 00:34:17.861392,19.616
2004-04-01 00:34:48.441625,19.5964
2004-04-01 00:35:17.674421,19.6062
2004-04-01 00:36:18.523021,19.5964
2004-04-01 00:36:47.747345,19.5964
2004-04-01 00:37:18.274620,19.5964
2004-04-01 00:38:18.343801,19.5866
2004-04-01 00:39:18.540576,19.5964
2004-04-01 00:40:18.509317,19.5866
2004-04-01 00:40:52.331574,19.5768
2004-04-01 00:42:17.931574,19.5572
2004-04-01 00:42:48.137423,19.5278
2004-04-01 00:43:17.736415,19.5278
2004-04-01 00:43:48.119430,19.5278
2004-04-01 00:44:17.960372,19.5376
2004-04-01 00:45:17.626819,19.4788
2004-04-01 00:45:48.399685,19.4788
2004-04-01 00:46:17.977648,19.4886
2004-04-01 00:47:17.659747,19.4984
2004-04-01 00:48:18.550496,19.518
2004-04-01 00:49:17.709612,19.518
2004-04-01 00:50:18.449179,19.4984
2004-04-01 00:50:47.736499,19.4788
2004-04-01 00:51:17.759404,19.4886
2004-04-01 00:51:48.310820,19.4788
2004-04-01 00:52:18.579540,19.4592
2004-04-01 00:52:56.686137,19.4592
2004-04-01 00:53:48.195429,19.4592
2004-04-01 00:54:18.143833,19.4592
2004-04-01 00:54:49.805733,19.4494
2004-04-01 00:55:18.014664,19.4494
2004-04-01 00:55:54.783128,19.4396
2004-04-01 00:56:18.200729,19.4298
2004-04-01 00:57:17.668265,19.4298
2004-04-01 00:58:17.713951,19.4004
2004-04-01 00:58:47.728379,19.4004
2004-04-01 00:59:48.143345,19.3906
2004-04-01 01:00:47.779021,19.3906
2004-04-01 01:01:48.606827,19.3612
2004-04-01 01:02:47.916946,19.3514
2004-04-01 01:03:18.447966,19.3416
2004-04-01 01:04:26.550789,19.322
2004-04-01 01:05:48.637692,19.322
2004-04-01 01:06:48.277260,19.3122
2004-04-01 01:07:48.457526,19.273
2004-04-01 01:08:26.917926,19.2828
2004-04-01 01:09:17.946202,19.273
2004-04-01 01:09:48.494652,19.2632
2004-04-01 01:10:48.274820,19.2632
2004-04-01 01:11:17.983529,19.2534
2004-04-01 01:11:47.995624,19.2436
2004-04-01 01:12:18.602592,19.2436
2004-04-01 01:13:18.591814,19.2436
2004-04-01 01:14:17.782990,19.224
2004-04-01 01:15:24.690371,19.1848
2004-04-01 01:15:48.338495,19.175
2004-04-01 01:16:18.186409,19.1848
2004-04-01 01:17:18.353865,19.175
2004-04-01 01:17:48.002697,19.1652
2004-04-01 01:18:48.261193,19.1456
2004-04-01 01:19:18.260699,19.1456
2004-04-01 01:19:48.077267,19.1358
2004-04-01 01:20:18.502240,19.126
2004-04-01 01:20:48.566976,19.126
2004-04-01 01:21:18.086678,19.1162
2004-04-01 01:22:17.787371,19.1064
2004-04-01 01:22:48.148173,19.0966
2004-04-01 01:23:48.556597,19.0868
2004-04-01 01:24:17.826822,19.0868
2004-04-01 01:25:56.617325,19.0672
2004-04-01 01:26:18.370046,19.077
2004-04-01 01:26:48.080180,19.077
2004-04-01 01:27:18.688449,19.077
2004-04-01 01:27:54.516264,19.0672
2004-04-01 01:28:17.955060,19.0476
2004-04-01 01:29:18.017683,19.0476
2004-04-01 01:29:48.018652,19.028
2004-04-01 01:31:18.616256,19.0084
2004-04-01 01:32:20.145093,19.0084
2004-04-01 01:33:18.603199,18.9986
2004-04-01 01:34:18.447132,18.9692
2004-04-01 01:34:48.006603,18.9692
2004-04-01 01:36:18.331344,18.9496
2004-04-01 01:37:47.842202,18.9496
2004-04-01 01:38:48.014387,18.9398
2004-04-01 01:39:48.390018,18.9398
2004-04-01 01:41:48.090092,18.9104
2004-04-01 01:42:18.039059,18.9104
2004-04-01 01:43:18.273436,18.9202
2004-04-01 01:43:58.988964,18.9006
2004-04-01 01:44:18.230395,18.9006
2004-04-01 01:45:18.165819,18.8908
2004-04-01 01:46:17.879684,18.8712
2004-04-01 01:46:54.299125,18.881
2004-04-01 01:47:17.746062,18.8516
2004-04-01 01:47:48.461925,18.8418
2004-04-01 01:48:18.294538,18.8418
2004-04-01 01:49:48.541658,18.8222
2004-04-01 01:50:20.051936,18.8222
2004-04-01 01:51:18.458310,18.8222
2004-04-01 01:51:48.265176,18.8124
2004-04-01 01:52:19.797957,18.8124
2004-04-01 01:52:48.437602,18.8026
2004-04-01 01:53:18.171568,18.7928
2004-04-01 01:54:56.793978,18.7732
2004-04-01 01:55:18.424552,18.7732
2004-04-01 01:56:26.784480,18.7634
2004-04-01 01:58:17.879331,18.7536
2004-04-01 01:58:48.419795,18.734
2004-04-01 01:59:48.293159,18.734
2004-04-01 02:00:18.161690,18.7144
2004-04-01 02:01:48.221418,18.7144
2004-04-01 02:02:48.352731,18.7046
2004-04-01 02:03:18.633076,18.7144
2004-04-01 02:03:49.794471,18.7046
2004-04-01 02:04:22.362605,18.6948
2004-04-01 02:04:48.324944,18.6948
2004-04-01 02:05:18.257124,18.685
2004-04-01 02:05:47.818096,18.685
2004-04-01 02:07:18.438683,18.6752
2004-04-01 02:07:48.124553,18.6654
2004-04-01 02:08:18.276208,18.6556
2004-04-01 02:09:18.132693,18.6556
2004-04-01 02:09:48.111035,18.6556
2004-04-01 02:11:48.641158,18.6262
2004-04-01 02:12:18.781475,18.6262
2004-04-01 02:12:48.160112,18.6164
2004-04-01 02:13:48.586197,18.6164
2004-04-01 02:14:18.154563,18.6066
2004-04-01 02:14:48.116012,18.5968
2004-04-01 02:15:47.896186,18.5772
2004-04-01 02:16:48.439893,18.5674
2004-04-01 02:17:17.892296,18.5674
2004-04-01 02:18:18.392543,18.5674
2004-04-01 02:19:18.353571,18.5184
2004-04-01 02:19:48.282969,18.5282
2004-04-01 02:20:18.716973,18.5282
2004-04-01 02:20:48.485044,18.5184
2004-04-01 02:21:48.152996,18.5086
2004-04-01 02:22:18.673115,18.4988
2004-04-01 02:22:48.630876,18.4792
2004-04-01 02:23:18.606164,18.4596
2004-04-01 02:24:48.689785,18.4498
2004-04-01 02:25:48.669862,18.44
2004-04-01 02:26:48.732028,18.4204
2004-04-01 02:28:48.165943,18.3812
2004-04-01 02:29:18.573787,18.391
2004-04-01 02:29:47.994803,18.3616
2004-04-01 02:30:17.866492,18.3616
2004-04-01 02:30:48.641963,18.3616
2004-04-01 02:31:18.155223,18.3518
2004-04-01 02:31:47.925789,18.3616
2004-04-01 02:32:18.645799,18.3616
2004-04-01 02:33:48.247972,18.3322
2004-04-01 02:34:18.569075,18.3224
2004-04-01 02:35:18.660569,18.3028
2004-04-01 02:35:48.738916,18.293
2004-04-01 02:36:18.178073,18.3028
2004-04-01 02:36:50.330626,18.293
2004-04-01 02:37:48.155573,18.2832
2004-04-01 02:38:17.895043,18.2832
2004-04-01 02:38:48.161908,18.3028
2004-04-01 02:39:18.211388,18.2734
2004-04-01 02:40:18.454442,18.2636
2004-04-01 02:41:48.183582,18.244
2004-04-01 02:42:48.390694,18.244
2004-04-01 02:43:48.230916,18.2342
2004-04-01 02:44:17.795978,18.2244
2004-04-01 02:44:48.470028,18.2146
2004-04-01 02:45:48.445776,18.2244
2004-04-01 02:46:48.407038,18.2146
2004-04-01 02:47:47.880038,18.2048
2004-04-01 02:49:17.914287,18.1852
2004-04-01 02:49:47.954495,18.1852
2004-04-01 02:50:48.255533,18.1754
2004-04-01 02:51:18.514488,18.1656
2004-04-01 02:52:18.133219,18.1656
2004-04-01 02:52:48.456388,18.1656
2004-04-01 02:53:18.495570,18.1362
2004-04-01 02:53:47.961223,18.146
2004-04-01 02:55:18.200255,18.1264
2004-04-01 02:58:18.723877,18.1068
2004-04-01 02:58:48.545455,18.0872
2004-04-01 03:00:18.490924,18.0774
2004-04-01 03:01:18.716704,18.0676
2004-04-01 03:02:18.265847,18.048
2004-04-01 03:03:18.539228,18.0382
2004-04-01 03:04:48.396110,18.0284
2004-04-01 03:05:18.656919,18.0284
2004-04-01 03:06:18.536140,18.0186
2004-04-01 03:06:48.154280,18.0088
2004-04-01 03:10:18.568286,17.9696
2004-04-01 03:12:18.608422,17.9696
2004-04-01 03:13:18.731615,17.95
2004-04-01 03:13:47.946051,17.9402
2004-04-01 03:15:18.590615,17.9108
2004-04-01 03:15:48.253310,17.9206
2004-04-01 03:16:18.192450,17.9108
2004-04-01 03:16:48.237030,17.9108
2004-04-01 03:17:18.307109,17.9304
2004-04-01 03:18:18.487757,17.9206
2004-04-01 03:19:17.977073,17.8912
2004-04-01 03:19:48.484327,17.8912
2004-04-01 03:20:18.728677,17.8814
2004-04-01 03:20:47.954302,17.8912
2004-04-01 03:21:18.504545,17.8912
2004-04-01 03:22:18.302629,17.8912
2004-04-01 03:22:48.479476,17.8716
2004-04-01 03:23:18.320297,17.8716
2004-04-01 03:23:48.381677,17.8618
2004-04-01 03:24:18.032209,17.8814
2004-04-01 03:24:48.591667,17.852
2004-04-01 03:25:18.782158,17.852
2004-04-01 03:26:20.183651,17.8422
2004-04-01 03:26:48.317096,17.852
2004-04-01 03:27:18.623164,17.8422
2004-04-01 03:28:22.863048,17.8128
2004-04-01 03:29:48.515680,17.803
2004-04-01 03:32:48.411598,17.7736
2004-04-01 03:33:18.564177,17.7736
2004-04-01 03:34:18.845867,17.7834
2004-04-01 03:34:48.537522,17.7736
2004-04-01 03:35:18.647230,17.7736
2004-04-01 03:36:19.925087,17.7638
2004-04-01 03:36:48.294693,17.7638
2004-04-01 03:37:59.512765,17.7442
2004-04-01 03:38:18.729744,17.7442
2004-04-01 03:39:48.133476,17.7344
2004-04-01 03:40:18.805110,17.7246
2004-04-01 03:40:48.225924,17.7148
2004-04-01 03:42:18.886089,17.6952
2004-04-01 03:42:48.049142,17.6952
2004-04-01 03:44:48.464176,17.656
2004-04-01 03:45:18.615201,17.656
2004-04-01 03:45:48.701094,17.6462
2004-04-01 03:46:18.248266,17.6462
2004-04-01 03:46:48.569513,17.6462
2004-04-01 03:47:52.233021,17.6364
2004-04-01 03:48:18.490354,17.6168
2004-04-01 03:48:48.582614,17.6266
2004-04-01 03:49:54.727214,17.6168
2004-04-01 03:50:48.321793,17.6168
2004-04-01 03:52:18.833639,17.5874
2004-04-01 03:52:48.125828,17.5874
2004-04-01 03:53:48.068297,17.5776
2004-04-01 03:54:47.948618,17.5678
2004-04-01 03:55:18.329063,17.5678
2004-04-01 03:55:48.275294,17.5678
2004-04-01 03:56:48.224007,17.5482
2004-04-01 03:58:48.506548,17.5384
2004-04-01 03:59:18.064848,17.5286
2004-04-01 03:59:48.355665,17.5384
2004-04-01 04:00:48.523676,17.5384
2004-04-01 04:02:18.548849,17.5286
2004-04-01 04:04:22.736844,17.509
2004-04-01 04:05:24.818930,17.4992
2004-04-01 04:06:20.144039,17.4894
2004-04-01 04:07:18.698210,17.4796
2004-04-01 04:08:18.692755,17.4698
2004-04-01 04:08:48.494256,17.4796
2004-04-01 04:09:18.834916,17.4698
2004-04-01 04:10:18.393945,17.4796
2004-04-01 04:10:47.985451,17.4796
2004-04-01 04:11:18.620219,17.4698
2004-04-01 04:11:52.232178,17.4698
2004-04-01 04:12:22.782034,17.46
2004-04-01 04:12:48.635707,17.46
2004-04-01 04:14:18.920283,17.4404
2004-04-01 04:14:48.478266,17.4404
2004-04-01 04:15:48.087847,17.4404
2004-04-01 04:16:48.465863,17.4404
2004-04-01 04:17:48.911681,17.4306
2004-04-01 04:19:42.567028,17.4306
2004-04-01 04:19:47.933046,17.4208
2004-04-01 04:21:48.647155,17.410999999999998
2004-04-01 04:22:18.866495,17.4012
2004-04-01 04:22:48.561822,17.4012
2004-04-01 04:23:18.558616,17.410999999999998
2004-04-01 04:23:48.387460,17.410999999999998
2004-04-01 04:24:18.088422,17.4012
2004-04-01 04:24:48.173841,17.4012
2004-04-01 04:26:18.294873,17.3914
2004-04-01 04:26:48.651312,17.3914
2004-04-01 04:27:18.394337,17.3816
2004-04-01 04:28:48.372341,17.3816
2004-04-01 04:29:48.614660,17.362000000000002
2004-04-01 04:30:18.086660,17.3522
2004-04-01 04:31:24.904045,17.362000000000002
2004-04-01 04:32:48.907196,17.3424
2004-04-01 04:33:18.401484,17.3424
2004-04-01 04:34:24.818432,17.3424
2004-04-01 04:34:48.407307,17.3228
2004-04-01 04:35:18.228345,17.3228
2004-04-01 04:35:48.141009,17.3228
2004-04-01 04:38:24.936767,17.3032
2004-04-01 04:38:48.368910,17.3032
2004-04-01 04:39:18.616797,17.2934
2004-04-01 04:39:48.614944,17.2836
2004-04-01 04:40:18.518150,17.3032
2004-04-01 04:42:18.739587,17.2738
2004-04-01 04:43:18.354259,17.264
2004-04-01 04:43:48.762597,17.264
2004-04-01 04:44:52.499883,17.2542
2004-04-01 04:46:49.125821,17.2444
2004-04-01 04:47:48.126894,17.2248
2004-04-01 04:48:48.822862,17.2248
2004-04-01 04:49:18.759956,17.215
2004-04-01 04:49:48.602753,17.2248
2004-04-01 04:50:48.707316,17.2052
2004-04-01 04:51:19.045164,17.2248
2004-04-01 04:55:18.496247,17.1856
2004-04-01 04:56:18.144847,17.1856
2004-04-01 04:57:18.399920,17.166
2004-04-01 04:58:18.765594,17.166
2004-04-01 04:59:27.189908,17.1464
2004-04-01 05:00:48.339561,17.1268
2004-04-01 05:01:48.699553,17.1268
2004-04-01 05:02:19.050354,17.117
2004-04-01 05:02:48.877825,17.1268
2004-04-01 05:03:19.000721,17.1366
2004-04-01 05:03:48.358909,17.1268
2004-04-01 05:04:48.357364,17.1366
2004-04-01 05:05:18.287070,17.1268
2004-04-01 05:05:48.550666,17.1268
2004-04-01 05:06:56.229190,17.1072
2004-04-01 05:07:18.497682,17.1072
2004-04-01 05:10:18.722068,17.0876
2004-04-01 05:11:48.656228,17.0876
2004-04-01 05:13:19.031924,17.067999999999998
2004-04-01 05:13:48.528266,17.0582
2004-04-01 05:17:48.299390,17.0484
2004-04-01 05:18:48.139528,17.0386
2004-04-01 05:19:20.030543,17.0484
2004-04-01 05:19:48.386644,17.0484
2004-04-01 05:21:48.077295,17.019000000000002
2004-04-01 05:23:18.098640,17.0092
2004-04-01 05:24:18.689507,16.9994
2004-04-01 05:25:19.029631,16.9994
2004-04-01 05:27:18.589283,16.9896
2004-04-01 05:28:48.793302,16.97
2004-04-01 05:29:19.124145,16.97
2004-04-01 05:29:48.749948,16.97
2004-04-01 05:31:18.635575,16.9602
2004-04-01 05:32:48.998120,16.9504
2004-04-01 05:33:18.629935,16.9504
2004-04-01 05:33:48.828821,16.9504
2004-04-01 05:34:18.549684,16.9504
2004-04-01 05:34:48.410533,16.9406
2004-04-01 05:36:48.293439,16.9308
2004-04-01 05:39:18.638753,16.9308
2004-04-01 05:41:22.969694,16.9112
2004-04-01 05:41:48.956368,16.9014
2004-04-01 05:42:18.982632,16.9112
2004-04-01 05:42:48.949071,16.9014
2004-04-01 05:43:18.836206,16.8916
2004-04-01 05:43:48.492236,16.9014
2004-04-01 05:44:18.990738,16.9014
2004-04-01 05:44:48.462185,16.9014
2004-04-01 05:45:18.151569,16.9014
2004-04-01 05:45:49.190487,16.8916
2004-04-01 05:47:18.303921,16.8818
2004-04-01 05:47:48.591519,16.8916
2004-04-01 05:48:48.261037,16.872
2004-04-01 05:49:48.884250,16.8818
2004-04-01 05:50:48.745069,16.872
2004-04-01 05:52:49.008817,16.872
2004-04-01 05:53:48.745349,16.872
2004-04-01 05:54:18.174793,16.8622
2004-04-01 05:54:49.199191,16.8622
2004-04-01 05:55:19.271269,16.8622
2004-04-01 05:56:48.462656,16.8524
2004-04-01 05:58:18.725880,16.8524
2004-04-01 05:59:18.166056,16.8524
2004-04-01 06:00:18.459989,16.8426
2004-04-01 06:01:49.143229,16.8328
2004-04-01 06:02:48.799635,16.823
2004-04-01 06:03:18.267729,16.823
2004-04-01 06:03:49.191185,16.8328
2004-04-01 06:04:19.184678,16.8328
2004-04-01 06:06:18.382850,16.823
2004-04-01 06:08:18.400896,16.823
2004-04-01 06:09:24.953265,16.823
2004-04-01 06:10:18.653271,16.823
2004-04-01 06:10:49.167388,16.8034
2004-04-01 06:12:18.275584,16.8132
2004-04-01 06:12:52.552175,16.8034
2004-04-01 06:13:26.761512,16.7838
2004-04-01 06:14:22.363405,16.7838
2004-04-01 06:15:18.789528,16.7936
2004-04-01 06:16:48.564026,16.7936
2004-04-01 06:17:19.156863,16.7936
2004-04-01 06:17:49.191858,16.8034
2004-04-01 06:18:48.721695,16.8132
2004-04-01 06:20:19.132132,16.7936
2004-04-01 06:20:48.495136,16.7936
2004-04-01 06:21:18.987146,16.7838
2004-04-01 06:22:19.087504,16.7838
2004-04-01 06:25:18.692124,16.774
2004-04-01 06:26:18.741511,16.774
2004-04-01 06:28:48.946262,16.8132
2004-04-01 06:29:48.825208,16.8132
2004-04-01 06:30:49.199609,16.8132
2004-04-01 06:31:19.098775,16.8132
2004-04-01 06:32:18.253320,16.8328
2004-04-01 06:33:49.108862,16.8328
2004-04-01 06:34:48.547284,16.823
2004-04-01 06:35:18.772884,16.8328
2004-04-01 06:35:48.285428,16.8328
2004-04-01 06:36:18.686102,16.8328
2004-04-01 06:37:48.625271,16.8426
2004-04-01 06:38:19.272925,16.8524
2004-04-01 06:38:48.277066,16.8622
2004-04-01 06:40:18.709341,16.8622
2004-04-01 06:40:48.435421,16.8622
2004-04-01 06:41:18.583204,16.872
2004-04-01 06:42:26.210988,16.8622
2004-04-01 06:43:49.138204,16.872
2004-04-01 06:44:49.030056,16.8916
2004-04-01 06:46:26.869997,16.8916
2004-04-01 06:47:19.018699,16.8916
2004-04-01 06:48:48.516326,16.9014
2004-04-01 06:51:49.248968,16.9112
2004-04-01 06:55:55.574833,16.9308
2004-04-01 06:56:52.323138,16.9504
2004-04-01 06:57:48.712961,16.9504
2004-04-01 06:59:18.935480,16.9798
2004-04-01 07:00:49.108579,17.0092
2004-04-01 07:02:18.789978,17.067999999999998
2004-04-01 07:03:18.997325,17.1268
2004-04-01 07:04:00.977487,17.1464
2004-04-01 07:05:18.725805,17.2444
2004-04-01 07:06:50.522870,17.3522
2004-04-01 07:08:18.557499,17.4698
2004-04-01 07:09:18.223298,17.558
2004-04-01 07:09:49.049454,17.5972
2004-04-01 07:10:22.808217,17.6462
2004-04-01 07:10:49.109141,17.6854
2004-04-01 07:13:48.861847,17.9108
2004-04-01 07:14:18.295720,17.9696
2004-04-01 07:14:48.345146,17.999000000000006
2004-04-01 07:15:18.516455,18.0284
2004-04-01 07:16:18.737045,18.1068
2004-04-01 07:16:48.513757,18.146
2004-04-01 07:17:48.386411,18.2244
2004-04-01 07:18:18.567622,18.2636
2004-04-01 07:20:49.098873,18.4106
2004-04-01 07:21:49.269681,18.4792
2004-04-01 07:22:18.780062,18.489
2004-04-01 07:22:48.389680,18.5184
2004-04-01 07:23:18.816505,18.5576
2004-04-01 07:25:18.884170,18.7046
2004-04-01 07:26:19.064606,18.783
2004-04-01 07:26:49.093585,18.7928
2004-04-01 07:27:28.569005,18.8124
2004-04-01 07:28:18.806486,18.8516
2004-04-01 07:30:19.201523,18.93
2004-04-01 07:31:19.131624,18.9692
2004-04-01 07:32:48.598013,19.0476
2004-04-01 07:33:18.967707,19.0476
2004-04-01 07:34:18.570842,19.1162
2004-04-01 07:34:49.137925,19.1358
2004-04-01 07:35:55.120628,19.175
2004-04-01 07:36:18.921024,19.2044
2004-04-01 07:37:48.738491,19.2828
2004-04-01 07:39:19.208729,19.3612
2004-04-01 07:39:49.034585,19.3808
2004-04-01 07:40:48.952802,19.4396
2004-04-01 07:41:18.898137,19.4396
2004-04-01 07:41:49.105750,19.469
2004-04-01 07:42:19.220177,19.4984
2004-04-01 07:42:49.016130,19.518
2004-04-01 07:43:19.237255,19.5474
2004-04-01 07:43:48.408410,19.567
2004-04-01 07:44:19.180796,19.5964
2004-04-01 07:45:52.731045,19.6748
2004-04-01 07:46:20.901954,19.6846
2004-04-01 07:47:18.664707,19.7336
2004-04-01 07:48:19.017990,19.7826
2004-04-01 07:49:18.936548,19.8316
2004-04-01 07:51:48.636244,19.9394
2004-04-01 07:52:19.122748,19.9688
2004-04-01 07:52:48.903270,19.9786
2004-04-01 07:53:19.173653,19.9884
2004-04-01 07:53:49.230284,19.9982
2004-04-01 07:54:18.988846,20.0276
2004-04-01 07:54:49.038883,20.0472
2004-04-01 07:56:08.074641,20.0962
2004-04-01 07:56:19.036788,20.106
2004-04-01 07:57:20.557443,20.1648
2004-04-01 07:58:18.849773,20.204
2004-04-01 07:58:57.647833,20.2334
2004-04-01 07:59:48.464237,20.2726
2004-04-01 08:00:34.114514,20.2922
2004-04-01 08:01:18.460589,20.351
2004-04-01 08:02:18.683440,20.3804
2004-04-01 08:02:48.824102,20.4
2004-04-01 08:03:18.627865,20.4294
2004-04-01 08:04:18.450304,20.4588
2004-04-01 08:04:48.972873,20.498
2004-04-01 08:05:49.268041,20.5372
2004-04-01 08:06:18.440397,20.5666
2004-04-01 08:06:50.828839,20.5862
2004-04-01 08:07:19.249907,20.6156
2004-04-01 08:07:48.996480,20.6254
2004-04-01 08:08:19.207577,20.6548
2004-04-01 08:08:48.636000,20.6744
2004-04-01 08:10:18.908437,20.7332
2004-04-01 08:12:18.921245,20.8116
2004-04-01 08:13:18.753848,20.8704
2004-04-01 08:13:48.865279,20.89
2004-04-01 08:14:19.015038,20.9096
2004-04-01 08:14:48.905018,20.9194
2004-04-01 08:15:19.067228,20.9586
2004-04-01 08:15:48.968630,20.9978
2004-04-01 08:16:18.799061,21.0468
2004-04-01 08:17:18.387288,21.1448
2004-04-01 08:19:18.672042,21.3408
2004-04-01 08:19:48.540158,21.3408
2004-04-01 08:20:18.991475,21.3408
2004-04-01 08:20:49.300902,21.3408
2004-04-01 08:22:48.987808,21.3604
2004-04-01 08:23:19.104142,21.3604
2004-04-01 08:23:48.418863,21.3702
2004-04-01 08:24:19.061864,21.3898
2004-04-01 08:24:49.185090,21.3996
2004-04-01 08:25:19.229564,21.3996
2004-04-01 08:26:18.364561,21.4388
2004-04-01 08:26:49.345173,21.4584
2004-04-01 08:27:18.663341,21.478
2004-04-01 08:27:48.370107,21.4976
2004-04-01 08:28:18.918957,21.5074
2004-04-01 08:28:48.755401,21.527
2004-04-01 08:30:27.372957,21.5564
2004-04-01 08:31:48.871935,21.5956
2004-04-01 08:32:49.228451,21.6152
2004-04-01 08:33:18.582230,21.6152
2004-04-01 08:33:48.709514,21.6152
2004-04-01 08:34:20.390517,21.6348
2004-04-01 08:34:48.491938,21.6642
2004-04-01 08:35:48.620083,21.6642
2004-04-01 08:37:19.148568,21.6544
2004-04-01 08:37:52.440310,21.6446
2004-04-01 08:38:18.500249,21.6348
2004-04-01 08:39:19.268970,21.6152
2004-04-01 08:39:48.916802,21.5956
2004-04-01 08:40:18.974670,21.5858
2004-04-01 08:40:49.140933,21.576
2004-04-01 08:42:24.986942,21.5662
2004-04-01 08:42:49.025746,21.5564
2004-04-01 08:43:18.698504,21.527
2004-04-01 08:43:49.174001,21.527
2004-04-01 08:44:48.520915,21.5172
2004-04-01 08:45:48.704005,21.5172
2004-04-01 08:46:22.785104,21.5172
2004-04-01 08:47:18.478076,21.527
2004-04-01 08:47:49.473553,21.5172
2004-04-01 08:48:48.476693,21.527
2004-04-01 08:49:18.592555,21.527
2004-04-01 08:49:48.889532,21.527
2004-04-01 08:50:27.795422,21.5368
2004-04-01 08:50:49.247230,21.5466
2004-04-01 08:51:18.773223,21.5564
2004-04-01 08:51:48.610650,21.5662
2004-04-01 08:52:19.103174,21.576
2004-04-01 08:53:23.504636,21.5858
2004-04-01 08:53:48.976515,21.5956
2004-04-01 08:54:18.635635,21.5956
2004-04-01 08:55:20.465532,21.5956
2004-04-01 08:55:49.003416,21.5956
2004-04-01 08:56:19.111685,21.6054
2004-04-01 08:57:18.515858,21.6446
2004-04-01 08:57:55.128787,21.6544
2004-04-01 08:58:49.079422,21.674
2004-04-01 08:59:18.777023,21.6936
2004-04-01 09:00:48.979722,21.7426
2004-04-01 09:01:19.139553,21.7524
2004-04-01 09:01:49.365624,21.772
2004-04-01 09:02:18.859569,21.7916
2004-04-01 09:02:48.741554,21.8014
2004-04-01 09:03:18.811228,21.8112
2004-04-01 09:04:18.505225,21.8112
2004-04-01 09:05:25.064140,21.821
2004-04-01 09:06:18.498444,21.8406
2004-04-01 09:06:48.794028,21.8896
2004-04-01 09:07:19.333816,21.9092
2004-04-01 09:07:59.734787,21.9386
2004-04-01 09:08:20.952130,21.9386
2004-04-01 09:09:18.422087,21.968000000000004
2004-04-01 09:09:49.067460,21.9876
2004-04-01 09:10:49.289751,22.017
2004-04-01 09:11:20.716316,22.0366
2004-04-01 09:11:55.062717,22.0464
2004-04-01 09:12:19.109987,22.0562
2004-04-01 09:12:49.004130,22.0562
2004-04-01 09:13:20.962466,22.0758
2004-04-01 09:13:48.717571,22.0856
2004-04-01 09:14:49.035717,22.115
2004-04-01 09:15:19.529940,22.1248
2004-04-01 09:16:26.986767,22.164
2004-04-01 09:16:50.457614,22.164
2004-04-01 09:17:18.715650,22.1836
2004-04-01 09:17:49.434719,22.1934
2004-04-01 09:18:19.051220,22.213
2004-04-01 09:18:57.613723,22.2326
2004-04-01 09:19:49.037274,22.2326
2004-04-01 09:20:18.780929,22.2522
2004-04-01 09:20:49.318501,22.2718
2004-04-01 09:21:19.290243,22.2816
2004-04-01 09:21:49.000315,22.2914
2004-04-01 09:22:19.123863,22.3012
2004-04-01 09:22:55.240036,22.3208
2004-04-01 09:23:18.936705,22.3404
2004-04-01 09:23:49.017984,22.3698
2004-04-01 09:24:18.704890,22.3796
2004-04-01 09:24:49.044919,22.3894
2004-04-01 09:25:22.796929,22.3894
2004-04-01 09:25:55.546215,22.4286
2004-04-01 09:26:49.126273,22.4384
2004-04-01 09:27:18.613760,22.458
2004-04-01 09:27:49.072609,22.458
2004-04-01 09:28:18.836295,22.4776
2004-04-01 09:28:49.440214,22.4972
2004-04-01 09:29:30.062872,22.5168
2004-04-01 09:29:49.204890,22.5266
2004-04-01 09:30:19.024589,22.5266
2004-04-01 09:30:49.329711,22.556
2004-04-01 09:31:19.062584,22.5658
2004-04-01 09:31:48.927208,22.5658
2004-04-01 09:33:48.910959,22.6246
2004-04-01 09:34:19.158239,22.6246
2004-04-01 09:34:48.846710,22.6344
2004-04-01 09:35:20.795538,22.654
2004-04-01 09:35:49.178991,22.654
2004-04-01 09:36:18.687191,22.6736
2004-04-01 09:37:31.931895,22.7128
2004-04-01 09:37:50.666041,22.7226
2004-04-01 09:38:25.031828,22.7324
2004-04-01 09:38:55.107508,22.7422
2004-04-01 09:39:19.362226,22.752
2004-04-01 09:40:48.928590,22.801
2004-04-01 09:41:18.805009,22.8108
2004-04-01 09:42:23.215682,22.85
2004-04-01 09:42:48.832987,22.8598
2004-04-01 09:43:53.063063,22.8892
2004-04-01 09:44:19.055822,22.9088
2004-04-01 09:44:53.267662,22.9284
2004-04-01 09:45:19.190629,22.9284
2004-04-01 09:45:48.865357,22.9088
2004-04-01 09:46:18.550710,22.9284
2004-04-01 09:47:50.486392,22.9578
2004-04-01 09:48:19.436023,22.9676
2004-04-01 09:49:18.559251,22.9774
2004-04-01 09:50:31.739265,22.997
2004-04-01 09:50:53.006762,23.0068
2004-04-01 09:51:19.250275,23.0264
2004-04-01 09:51:48.963820,23.0264
2004-04-01 09:53:30.625275,23.0656
2004-04-01 09:55:02.625930,23.1048
2004-04-01 09:56:59.591946,23.144
2004-04-01 09:57:49.299441,23.1636
2004-04-01 09:59:27.157878,23.1734
2004-04-01 09:59:57.157939,23.193
2004-04-01 10:00:18.745296,23.193
2004-04-01 10:02:49.418821,23.2322
2004-04-01 10:03:49.097863,23.242
2004-04-01 10:04:27.608874,23.2616
2004-04-01 10:04:48.692390,23.2714
2004-04-01 10:05:18.528912,23.2714
2004-04-01 10:06:31.669415,23.291
2004-04-01 10:07:19.463742,23.3008
2004-04-01 10:08:19.277012,23.3106
2004-04-01 10:09:15.596815,23.3302
2004-04-01 10:09:25.320287,23.3302
2004-04-01 10:09:49.244496,23.3302
2004-04-01 10:10:48.530273,23.3498
2004-04-01 10:12:20.664013,23.3988
2004-04-01 10:13:18.861696,23.4282
2004-04-01 10:14:19.110071,23.4282
2004-04-01 10:14:48.780566,23.438
2004-04-01 10:15:23.033983,23.438
2004-04-01 10:15:48.863467,23.4674
2004-04-01 10:16:19.509790,23.487
2004-04-01 10:16:50.566718,23.4968
2004-04-01 10:17:49.128554,23.5164
2004-04-01 10:18:18.794418,23.536
2004-04-01 10:18:51.098448,23.5458
2004-04-01 10:19:55.456925,23.5654
2004-04-01 10:20:19.155005,23.5654
2004-04-01 10:20:49.591419,23.5556
2004-04-01 10:24:48.929905,24.5062
2004-04-01 10:25:19.262710,24.6924
2004-04-01 10:25:48.819291,24.8688
2004-04-01 10:26:18.881546,24.9864
2004-04-01 10:26:48.631793,25.0942
2004-04-01 10:29:19.025555,25.6626
2004-04-01 10:29:48.863069,25.7508
2004-04-01 10:32:19.127013,26.0056
2004-04-01 10:32:49.229495,26.0644
2004-04-01 10:33:18.871687,26.1232
2004-04-01 10:36:48.843517,26.1624
2004-04-01 10:37:19.347353,26.0448
2004-04-01 10:37:48.514799,25.8684
2004-04-01 10:38:31.816992,25.5744
2004-04-01 10:39:20.761717,25.349
2004-04-01 10:40:30.761137,25.3196
2004-04-01 10:42:18.764370,25.3686
2004-04-01 10:44:36.251070,25.8488
2004-04-01 10:55:31.691791,27.6912
2004-04-01 10:55:49.416330,27.7108
2004-04-01 10:56:25.054450,27.7206
2004-04-01 10:57:02.083022,27.75
2004-04-01 10:57:55.114836,27.8186
2004-04-01 10:58:19.520452,27.8774
2004-04-01 10:58:57.401926,27.9264
2004-04-01 10:59:19.351232,28.0048
2004-04-01 10:59:49.030443,28.0048
2004-04-01 11:00:48.921253,28.0048
2004-04-01 11:02:18.958613,28.1028
2004-04-01 11:02:49.002391,28.1028
2004-04-01 11:03:55.087112,28.1126
2004-04-01 11:04:18.912198,28.1224
2004-04-01 11:13:18.682413,32.2286
2004-04-01 11:14:19.176672,32.3364
2004-04-01 11:16:34.072711,32.3854
2004-04-01 11:16:49.075762,32.1698
2004-04-01 11:18:02.356095,30.788
2004-04-01 11:18:48.587036,29.9452
2004-04-01 11:19:29.999087,29.6806
2004-04-01 11:19:58.041906,29.416
2004-04-01 11:20:21.043158,29.2592
2004-04-01 11:20:49.502740,29.3474
2004-04-01 11:21:18.690687,29.3768
2004-04-01 11:21:49.336471,29.6512
2004-04-01 11:22:19.362106,29.8962
2004-04-01 11:22:49.382877,30.0922
2004-04-01 11:23:49.264354,29.9648
2004-04-01 11:24:18.994890,30.0138
2004-04-01 11:25:19.344963,30.1412
2004-04-01 11:25:49.054547,30.2196
2004-04-01 11:28:18.580800,30.4058
2004-04-01 11:28:48.941688,30.0922
2004-04-01 11:29:25.179624,29.955
2004-04-01 11:29:48.999178,29.8766
2004-04-01 11:31:19.636478,29.7394
2004-04-01 11:32:19.430570,29.6512
2004-04-01 11:33:49.186969,29.5532
2004-04-01 11:34:49.467433,29.4944
2004-04-01 11:35:19.196240,29.4552
2004-04-01 11:35:48.765174,29.514
2004-04-01 11:36:49.471884,28.7692
2004-04-01 11:37:20.645733,28.3184
2004-04-01 11:37:49.158323,27.995
2004-04-01 11:38:36.040127,27.9754
2004-04-01 11:38:51.074656,28.1714
2004-04-01 11:39:32.300191,28.289
2004-04-01 11:39:49.250211,28.4262
2004-04-01 11:43:48.784471,28.24
2004-04-01 11:44:49.584464,28.2008
2004-04-01 11:47:19.150396,28.24
2004-04-01 11:47:49.327434,28.2596
2004-04-01 11:50:49.111025,28.4262
2004-04-01 11:52:19.352359,28.5046
2004-04-01 11:53:18.592840,28.5536
2004-04-01 11:54:19.315779,28.4948
2004-04-01 11:55:19.358180,28.485
2004-04-01 11:56:19.406093,28.5046
2004-04-01 11:56:49.360588,28.5144
2004-04-01 11:57:49.538417,28.632
2004-04-01 11:58:48.715898,28.8868
2004-04-01 11:59:19.230768,28.9456
2004-04-01 11:59:49.186149,28.9652
2004-04-01 12:00:18.763532,28.9848
2004-04-01 12:00:48.911592,29.0044
2004-04-01 12:01:19.244841,29.0534
2004-04-01 12:01:52.946103,29.0632
2004-04-01 12:02:19.310285,29.1122
2004-04-01 12:03:19.221848,29.2396
2004-04-01 12:03:49.542253,29.2886
2004-04-01 12:04:19.051577,29.318
2004-04-01 12:05:03.715207,29.1318
2004-04-01 12:07:22.389936,27.6716
2004-04-01 12:07:51.636117,27.4854
2004-04-01 12:08:19.117811,27.4854
2004-04-01 12:08:53.460179,27.4756
2004-04-01 12:09:29.384184,27.4168
2004-04-01 12:10:02.585280,27.407
2004-04-01 12:10:18.725388,27.3482
2004-04-01 12:10:50.227044,27.2992
2004-04-01 12:12:32.215690,26.8876
2004-04-01 12:12:48.710522,26.6622
2004-04-01 12:13:55.432566,26.5054
2004-04-01 12:37:09.080124,26.0056
2004-04-01 12:37:19.029804,26.231
2004-04-01 12:37:49.221424,26.4172
2004-04-01 12:38:20.490766,26.5446
2004-04-01 12:40:18.750489,26.5642
2004-04-01 12:41:02.670920,26.6916
2004-04-01 12:43:50.872084,27.456
2004-04-01 12:44:31.235430,27.554
2004-04-01 12:45:36.382292,27.701
2004-04-01 12:45:48.857211,27.7696
2004-04-01 12:46:19.096075,27.8284
2004-04-01 12:47:05.098637,27.8872
2004-04-01 12:47:33.381594,27.946
2004-04-01 12:47:49.075251,28.0244
2004-04-01 12:48:23.481315,28.0832
2004-04-01 12:49:04.384751,28.142
2004-04-01 12:49:35.966574,28.2008
2004-04-01 12:51:19.292888,27.358
2004-04-01 12:53:19.409877,26.9562
2004-04-01 12:53:49.469907,26.9072
2004-04-01 12:56:29.439958,26.7798
2004-04-01 12:57:48.890761,26.7504
2004-04-01 12:59:19.344286,26.7994
2004-04-01 13:00:07.045436,26.8288
2004-04-01 13:11:19.007050,27.5736
2004-04-01 13:14:19.676981,27.7598
2004-04-01 13:19:49.404756,27.7892
2004-04-01 13:22:18.883985,27.897
2004-04-01 13:32:49.641724,28.5634
2004-04-01 13:37:49.705833,26.3878
2004-04-01 13:39:19.458558,25.4568
2004-04-01 13:41:49.088922,25.0746
2004-04-01 13:42:30.502355,25.1236
2004-04-01 13:49:19.174508,25.8292
2004-04-01 13:50:18.813634,25.6724
2004-04-01 13:53:36.395125,25.3
2004-04-01 13:53:51.075625,25.202
2004-04-01 13:58:19.574316,25.2314
2004-04-01 14:01:18.938794,24.7316
2004-04-01 14:01:49.454284,24.565
2004-04-01 14:02:19.717613,24.4376
2004-04-01 14:03:18.784459,24.173
2004-04-01 14:05:19.104401,23.9084
2004-04-01 14:06:49.479431,23.83
2004-04-01 14:09:49.452509,24.663
2004-04-01 14:10:19.083914,24.6532
2004-04-01 14:14:18.877967,24.7022
2004-04-01 14:15:33.500099,24.957
2004-04-01 14:18:30.139967,25.3392
2004-04-01 14:19:49.319139,25.0746
2004-04-01 14:20:49.155238,25.0844
2004-04-01 14:21:34.722481,25.006
2004-04-01 14:22:49.582180,24.6728
2004-04-01 14:23:49.208305,24.5356
2004-04-01 14:24:20.968098,24.3298
2004-04-01 14:25:32.425405,24.0456
2004-04-01 14:25:57.241447,24.2612
2004-04-01 14:26:49.794379,24.2612
2004-04-01 14:27:49.276864,24.4768
2004-04-01 14:28:49.142251,24.5944
2004-04-01 14:30:49.327510,24.6924
2004-04-01 14:31:19.665003,24.4964
2004-04-01 14:32:49.510887,23.7516
2004-04-01 14:33:19.415313,23.5948
2004-04-01 14:34:49.056008,23.242
2004-04-01 14:36:19.137749,23.7908
2004-04-01 14:36:50.996448,24.1926
2004-04-01 14:37:19.827601,24.2024
2004-04-01 14:37:49.761354,24.3396
2004-04-01 14:38:19.749312,24.4376
2004-04-01 14:38:49.027267,24.418000000000006
2004-04-01 14:40:51.243842,24.5258
2004-04-01 14:42:04.870571,24.3494
2004-04-01 14:42:49.400999,24.0848
2004-04-01 14:44:19.953681,23.732
2004-04-01 14:45:19.369789,23.5066
2004-04-01 14:48:49.860238,23.3204
2004-04-01 14:50:11.727781,23.3596
2004-04-01 14:52:49.447224,24.2808
2004-04-01 14:54:53.289377,22.36
2004-04-01 14:55:19.676135,22.0268
2004-04-01 14:56:19.757458,21.6544
2004-04-01 14:57:18.980655,22.0072
2004-04-01 15:01:19.871047,24.5846
2004-04-01 15:02:19.960258,25.0452
2004-04-01 15:05:19.792161,26.2506
2004-04-01 15:06:23.697310,26.5446
2004-04-01 15:06:49.211409,26.672
2004-04-01 15:07:49.456110,26.9072
2004-04-01 15:08:19.769858,27.0248
2004-04-01 15:09:49.071246,27.2894
2004-04-01 15:10:49.531622,27.4462
2004-04-01 15:11:49.600921,27.554
2004-04-01 15:12:19.537285,27.5932
2004-04-01 15:12:49.486529,27.5834
2004-04-01 15:13:49.218394,27.6422
2004-04-01 15:15:19.472989,27.7206
2004-04-01 15:16:02.776732,27.6912
2004-04-01 15:19:19.789025,26.1526
2004-04-01 15:20:48.987262,26.1036
2004-04-01 15:23:49.105150,26.3976
2004-04-01 15:25:02.952604,26.5152
2004-04-01 15:25:19.604841,26.2408
2004-04-01 16:06:49.329879,25.2608
2004-04-01 16:08:49.863842,24.3494
2004-04-01 16:09:19.644045,24.516
2004-04-01 16:14:19.642472,24.2122
2004-04-01 16:14:49.613712,24.2514
2004-04-01 16:16:19.342047,24.2612
2004-04-01 16:17:19.775592,24.369
2004-04-01 16:17:49.600036,24.3984
2004-04-01 16:18:19.520680,24.5454
2004-04-01 16:19:49.749066,24.5552
2004-04-01 16:20:19.552679,24.4572
2004-04-01 16:20:49.445152,24.4768
2004-04-01 16:22:49.925669,24.565
2004-04-01 16:23:19.353068,24.4964
2004-04-01 16:24:19.190915,24.4376
2004-04-01 16:24:49.913716,24.3592
2004-04-01 16:25:49.418112,24.3298
2004-04-01 16:26:37.878897,24.222
2004-04-01 16:26:49.886723,24.0456
2004-04-01 16:27:19.963253,23.8888
2004-04-01 16:30:28.370769,23.4184
2004-04-01 16:32:19.702335,23.1244
2004-04-01 16:33:19.896893,23.144
2004-04-01 16:34:19.449808,23.2322
2004-04-01 16:34:49.508605,23.242
2004-04-01 16:35:19.657487,23.4968
2004-04-01 16:40:49.814168,24.2808
2004-04-01 16:46:49.743748,24.9472
2004-04-01 16:48:03.625504,24.9472
2004-04-01 16:48:51.184448,24.9472
2004-04-01 16:51:49.505371,25.055
2004-04-01 16:52:49.731466,25.1628
2004-04-01 16:53:49.569038,25.2804
2004-04-01 16:54:49.857769,25.3588
2004-04-01 16:56:10.999431,25.5646
2004-04-01 16:56:58.311101,25.5548
2004-04-01 16:57:20.004223,25.8684
2004-04-01 16:57:49.507566,25.8194
2004-04-01 16:58:21.509316,25.8292
2004-04-01 16:58:49.916191,25.8488
2004-04-01 17:13:49.644359,27.652
2004-04-01 17:14:28.559200,27.8284
2004-04-01 17:18:02.686938,27.9362
2004-04-01 17:18:19.191530,27.9656
2004-04-01 17:19:50.178514,28.044
2004-04-01 17:23:19.783141,26.9072
2004-04-01 17:24:19.477354,26.3388
2004-04-01 17:37:19.533244,26.9366
2004-04-01 17:39:19.782938,27.6716
2004-04-01 17:40:49.859504,27.8186
2004-04-01 17:42:49.703200,27.9852
2004-04-01 17:43:19.498678,27.9852
2004-04-01 17:43:50.166867,28.0636
2004-04-01 17:44:20.097879,28.1518
2004-04-01 17:44:50.116965,28.2106
2004-04-01 17:45:20.012454,28.2694
2004-04-01 17:46:19.610870,28.3674
2004-04-01 17:47:49.287186,28.4458
2004-04-01 17:48:49.564152,28.1812
2004-04-01 17:50:53.241654,27.211
2004-04-01 17:52:26.629084,25.9272
2004-04-01 17:52:49.622281,25.4666
2004-04-01 17:53:32.788949,25.4372
2004-04-01 17:54:19.308096,25.3882
2004-04-01 17:54:56.271795,25.349
2004-04-01 17:57:49.317153,25.7116
2004-04-01 17:58:19.350704,25.594
2004-04-01 17:58:49.988196,25.5646
2004-04-01 18:05:19.902656,25.594
2004-04-01 18:21:49.567828,26.8092
2004-04-01 18:28:19.508171,27.3678
2004-04-01 18:28:49.861214,27.1228
2004-04-01 18:31:20.135879,26.9072
2004-04-01 18:31:50.200907,26.868
2004-04-01 18:32:20.050476,26.819000000000006
2004-04-01 18:33:49.513154,26.7896
2004-04-01 18:34:49.703374,26.7308
2004-04-01 18:35:50.261783,26.5152
2004-04-01 18:36:20.311273,26.4368
2004-04-01 18:36:58.637969,26.6524
2004-04-01 18:37:50.007940,27.0052
2004-04-01 18:38:49.619888,27.2012
2004-04-01 18:40:19.698347,27.4462
2004-04-01 18:40:50.136907,27.4952
2004-04-01 18:41:35.247461,27.554
2004-04-01 18:41:49.846608,27.6324
2004-04-01 18:42:50.276310,27.6814
2004-04-01 18:43:49.708245,27.7304
2004-04-01 18:44:49.623884,27.897
2004-04-01 18:45:20.091485,27.9656
2004-04-01 18:46:56.176587,28.1616
2004-04-01 18:47:49.732120,28.3184
2004-04-01 18:48:20.196086,28.4164
2004-04-01 18:48:49.488028,28.4752
2004-04-01 18:49:19.356835,28.5242
2004-04-01 18:50:49.401637,28.4752
2004-04-01 18:51:19.675828,28.5046
2004-04-01 18:51:49.757713,28.5438
2004-04-01 18:52:19.415129,28.5634
2004-04-01 18:52:49.550636,28.534
2004-04-01 18:53:49.906199,28.9848
2004-04-01 18:54:20.244379,29.2788
2004-04-01 18:54:53.932914,29.367
2004-04-01 18:55:19.598250,29.3572
2004-04-01 18:56:49.745102,29.1808
2004-04-01 18:58:20.064766,29.0142
2004-04-01 18:58:50.085596,28.8966
2004-04-01 18:59:19.858052,28.8378
2004-04-01 18:59:50.051261,28.779
2004-04-01 19:00:19.621869,28.7496
2004-04-01 19:00:50.207227,28.7594
2004-04-01 19:01:50.119653,28.8574
2004-04-01 19:02:19.944539,28.8868
2004-04-01 19:02:49.822803,28.926
2004-04-01 19:04:19.617721,28.8868
2004-04-01 19:05:19.452741,28.8378
2004-04-01 19:05:49.423910,28.8378
2004-04-01 19:06:20.009964,28.8084
2004-04-01 19:06:55.802306,28.779
2004-04-01 19:07:19.872470,28.7496
2004-04-01 19:07:49.412442,28.73
2004-04-01 19:09:19.314109,28.5928
2004-04-01 19:09:49.926457,28.6124
2004-04-01 19:10:50.208210,28.6908
2004-04-01 19:11:50.322122,28.6124
2004-04-01 19:12:23.998824,28.5634
2004-04-01 19:12:49.368397,28.4164
2004-04-01 19:13:49.378837,28.4948
2004-04-01 19:14:19.675966,28.5928
2004-04-01 19:14:49.653789,28.632
2004-04-01 19:17:19.634320,28.6418
2004-04-01 19:19:49.319494,28.5536
2004-04-01 19:21:50.013808,28.6026
2004-04-01 19:25:56.108509,28.4752
2004-04-01 19:26:19.716443,28.2792
