date,time,epoch,moteid,value
2004-02-28,01:07:16.983728,19,15,46.92
2004-02-28,01:13:46.6654,32,15,46.92
2004-02-28,01:14:16.503404,33,15,46.92
2004-02-28,01:16:46.435991,38,15,46.92
2004-02-28,01:18:16.408748,41,15,46.92
2004-02-28,01:19:16.87814,43,15,46.92
2004-02-28,01:19:46.120363,44,15,46.92
2004-02-28,01:23:16.836414,51,15,46.92
2004-02-28,01:24:46.973858,54,15,46.92
2004-02-28,01:25:46.541423,56,15,46.92
2004-02-28,01:27:46.584942,60,15,46.92
2004-02-28,01:29:16.633717,63,15,46.92
2004-02-28,01:29:46.108503,64,15,46.92
2004-02-28,01:30:16.767084,65,15,46.92
2004-02-28,01:30:46.733735,66,15,46.92
2004-02-28,01:32:16.637399,69,15,46.92
2004-02-28,01:34:16.48474,73,15,46.92
2004-02-28,01:35:16.380476,75,15,46.92
2004-02-28,01:35:46.744237,76,15,46.92
2004-02-28,01:36:15.991606,77,15,46.92
2004-02-28,01:37:16.034665,79,15,46.92
2004-02-28,01:38:46.210956,82,15,45.08
2004-02-28,01:39:46.729754,84,15,46.92
2004-02-28,01:40:16.71121,85,15,45.08
2004-02-28,01:42:16.094541,89,15,45.08
2004-02-28,01:42:46.760505,90,15,45.08
2004-02-28,01:44:16.267571,93,15,45.08
2004-02-28,01:44:46.9975,94,15,45.08
2004-02-28,01:47:46.23212,100,15,45.08
2004-02-28,01:48:46.421351,102,15,45.08
2004-02-28,01:51:47.264779,108,15,45.08
2004-02-28,01:53:45.965848,112,15,45.08
2004-02-28,01:58:16.439303,121,15,45.08
2004-02-28,01:58:45.96686,122,15,45.08
2004-02-28,01:59:45.9326,124,15,45.08
2004-02-28,02:01:45.93847,128,15,1.84
2004-02-28,02:02:46.17175,130,15,1.84
2004-02-28,02:04:16.49479,133,15,1.84
2004-02-28,02:05:46.571745,136,15,1.84
2004-02-28,02:07:16.078757,139,15,1.84
2004-02-28,02:09:46.834539,144,15,1.84
2004-02-28,02:11:16.480302,147,15,1.84
2004-02-28,02:12:46.605175,150,15,1.84
2004-02-28,02:16:16.355863,157,15,1.84
2004-02-28,02:17:16.276921,159,15,1.84
2004-02-28,02:18:15.979484,161,15,1.84
2004-02-28,02:18:45.991494,162,15,1.84
2004-02-28,02:19:46.751198,164,15,1.84
2004-02-28,02:20:16.25292,165,15,1.84
2004-02-28,02:23:16.002911,171,15,1.84
2004-02-28,02:24:16.004074,173,15,1.84
2004-02-28,02:25:46.275169,176,15,1.84
2004-02-28,02:26:46.014393,178,15,1.84
2004-02-28,02:27:46.261677,180,15,1.38
2004-02-28,02:29:46.275679,184,15,1.38
2004-02-28,02:31:46.522534,188,15,1.38
2004-02-28,02:32:16.02891,189,15,1.38
2004-02-28,02:33:16.028488,191,15,1.38
2004-02-28,02:34:16.833448,193,15,1.84
2004-02-28,02:34:46.2794,194,15,1.84
2004-02-28,02:35:16.844663,195,15,1.84
2004-02-28,02:35:46.042422,196,15,1.84
2004-02-28,02:37:16.040291,199,15,1.84
2004-02-28,02:37:46.297099,200,15,1.84
2004-02-28,02:38:16.042867,201,15,1.84
2004-02-28,02:38:46.54535,202,15,1.84
2004-02-28,02:41:16.056517,207,15,1.84
2004-02-28,02:41:46.552582,208,15,1.84
2004-02-28,02:42:16.845671,209,15,1.84
2004-02-28,02:42:46.300697,210,15,1.84
2004-02-28,02:45:16.068088,215,15,1.38
2004-02-28,02:45:46.327808,216,15,1.38
2004-02-28,02:46:46.818663,218,15,1.38
2004-02-28,02:47:16.062074,219,15,1.38
2004-02-28,02:48:16.324591,221,15,1.38
2004-02-28,02:48:46.068196,222,15,1.38
2004-02-28,02:49:46.068532,224,15,1.38
2004-02-28,02:50:16.079875,225,15,1.38
2004-02-28,02:50:46.326966,226,15,1.38
2004-02-28,02:56:16.604058,237,15,1.84
2004-02-28,02:57:16.110126,239,15,1.84
2004-02-28,02:59:16.591725,243,15,1.84
2004-02-28,02:59:46.599655,244,15,1.84
2004-02-28,03:00:16.351881,245,15,1.84
2004-02-28,03:00:46.113177,246,15,1.84
2004-02-28,03:01:46.108712,248,15,1.84
2004-02-28,03:04:46.113847,254,15,1.84
2004-02-28,03:08:46.196211,262,15,1.84
2004-02-28,03:09:16.903345,263,15,1.84
2004-02-28,03:09:46.421772,264,15,1.84
2004-02-28,03:10:46.132547,266,15,1.84
2004-02-28,03:11:16.396763,267,15,1.84
2004-02-28,03:12:16.409223,269,15,1.84
2004-02-28,03:12:46.911826,270,15,1.84
2004-02-28,03:14:46.656369,274,15,1.38
2004-02-28,03:17:16.141567,279,15,1.38
2004-02-28,03:18:16.913542,281,15,1.38
2004-02-28,03:18:46.911685,282,15,1.38
2004-02-28,03:19:46.45921,284,15,1.38
2004-02-28,03:20:16.147095,285,15,1.84
2004-02-28,03:20:46.420127,286,15,1.38
2004-02-28,03:22:16.914413,289,15,1.38
2004-02-28,03:23:46.40945,292,15,1.38
2004-02-28,03:24:16.684051,293,15,1.84
2004-02-28,03:24:46.158972,294,15,1.38
2004-02-28,03:26:46.921665,298,15,1.38
2004-02-28,03:27:16.438192,299,15,1.38
2004-02-28,03:27:46.183944,300,15,1.38
2004-02-28,03:30:16.429209,305,15,1.38
2004-02-28,03:31:16.688645,307,15,1.38
2004-02-28,03:33:16.224396,311,15,1.38
2004-02-28,03:35:46.205709,316,15,1.84
2004-02-28,03:36:16.942985,317,15,1.84
2004-02-28,03:36:46.198563,318,15,1.84
2004-02-28,03:37:16.69488,319,15,1.84
2004-02-28,03:37:46.969096,320,15,1.84
2004-02-28,03:40:16.454154,325,15,1.84
2004-02-28,03:47:16.478657,339,15,1.84
2004-02-28,03:49:16.230792,343,15,1.84
2004-02-28,03:51:16.22726,347,15,1.84
2004-02-28,03:55:16.812989,355,15,1.84
2004-02-28,03:58:16.249199,361,15,1.84
2004-02-28,03:59:16.7529,363,15,1.84
2004-02-28,04:01:17.014052,367,15,1.84
2004-02-28,04:02:16.548546,369,15,1.84
2004-02-28,04:03:18.210168,371,15,1.84
2004-02-28,04:06:16.265622,377,15,1.38
2004-02-28,04:07:16.77288,379,15,1.38
2004-02-28,04:22:16.995043,409,15,1.84
2004-02-28,04:23:16.911121,411,15,1.84
2004-02-28,04:29:46.464862,424,15,1.84
2004-02-28,04:32:16.33892,429,15,1.84
2004-02-28,04:34:16.88263,433,15,1.84
2004-02-28,04:36:47.609524,438,15,1.84
2004-02-28,04:38:46.858472,442,15,1.84
2004-02-28,04:44:47.213333,454,15,1.84
2004-02-28,04:51:16.415603,467,15,1.84
2004-02-28,04:54:16.399211,473,15,1.38
2004-02-28,05:07:46.685234,500,15,1.84
2004-02-28,05:08:47.197321,502,15,1.84
2004-02-28,05:17:46.456945,520,15,1.84
2004-02-28,05:19:16.573992,523,15,1.84
2004-02-28,05:21:47.289212,528,15,1.84
2004-02-28,05:27:16.933803,539,15,1.84
2004-02-28,05:27:47.111558,540,15,1.84
2004-02-28,05:31:46.619998,548,15,1.84
2004-02-28,05:34:17.101188,553,15,1.38
2004-02-28,05:35:17.248181,555,15,1.38
2004-02-28,05:38:17.266309,561,15,1.38
2004-02-28,05:44:17.053578,573,15,1.38
2004-02-28,05:45:47.098479,576,15,1.38
2004-02-28,05:48:17.03653,581,15,1.38
2004-02-28,05:50:16.659372,585,15,1.38
2004-02-28,05:50:47.218676,586,15,1.38
2004-02-28,05:51:47.047352,588,15,1.38
2004-02-28,05:52:47.297259,590,15,1.38
2004-02-28,05:54:47.503088,594,15,1.38
2004-02-28,05:58:46.888604,602,15,1.84
2004-02-28,06:01:17.187584,607,15,1.84
2004-02-28,06:03:17.090764,611,15,1.84
2004-02-28,06:05:47.349054,616,15,1.84
2004-02-28,06:06:16.800374,617,15,1.84
2004-02-28,06:08:47.427565,622,15,1.84
2004-02-28,06:10:47.321107,626,15,1.84
2004-02-28,06:13:17.49942,631,15,1.84
2004-02-28,06:25:46.464056,9,15,4.6
2004-02-28,06:26:46.945042,11,15,5.52
2004-02-28,06:28:46.491738,15,15,7.36
2004-02-28,06:32:16.463239,22,15,13.8
2004-02-28,06:34:17.015338,26,15,18.4
2004-02-28,06:35:46.4673,29,15,24.84
2004-02-28,06:36:47.052942,31,15,28.52
2004-02-28,06:45:17.669112,48,15,79.12
2004-02-28,06:55:16.528447,68,15,158.24
2004-02-28,07:01:16.842533,80,15,202.4
2004-02-28,07:09:46.56474,97,15,1081.92
2004-02-28,07:24:17.656368,126,15,1847.36
2004-02-28,07:26:46.891051,131,15,1847.36
2004-02-28,08:00:17.364135,198,15,1847.36
2004-02-28,08:07:16.707578,212,15,1847.36
2004-02-28,08:08:16.956716,214,15,1847.36
2004-02-28,08:25:47.742936,249,15,1847.36
2004-02-28,08:28:46.815305,255,15,1847.36
2004-02-28,08:46:47.582603,291,15,1847.36
2004-02-28,14:33:19.233448,27,15,1847.36
2004-02-28,14:36:50.193183,34,15,1847.36
2004-02-28,14:37:17.456848,35,15,1847.36
2004-02-28,14:37:47.399281,36,15,1847.36
2004-02-28,15:00:17.975591,1685,15,1847.36
2004-02-28,15:01:19.051858,1687,15,1847.36
2004-02-28,15:02:17.579465,1689,15,1847.36
2004-02-28,15:04:49.80749,1694,15,1847.36
2004-02-28,15:06:20.419558,1697,15,1847.36
2004-02-28,15:08:49.686906,1702,15,1847.36
2004-02-28,15:09:21.249901,1703,15,1847.36
2004-02-28,15:09:47.420277,1704,15,1847.36
2004-02-28,15:11:18.970912,1707,15,1847.36
2004-02-28,15:12:17.844552,1709,15,1847.36
2004-02-28,15:15:18.12253,1715,15,1847.36
2004-02-28,15:16:20.758386,1717,15,1847.36
2004-02-28,15:17:17.404503,1719,15,1847.36
2004-02-28,15:18:48.459095,1722,15,1847.36
2004-02-28,15:19:17.432738,1723,15,1847.36
2004-02-28,15:19:49.647763,1724,15,1847.36
2004-02-28,15:22:47.35351,1730,15,1847.36
2004-02-28,15:23:47.342096,1732,15,1847.36
2004-02-28,15:24:18.010522,1733,15,1847.36
2004-02-28,15:25:17.772613,1735,15,1847.36
2004-02-28,15:25:48.327018,1736,15,1847.36
2004-02-28,15:34:52.146328,1754,15,1847.36
2004-02-28,15:35:19.349097,1755,15,1847.36
2004-02-28,15:37:21.33984,1759,15,1847.36
2004-02-28,15:39:50.70003,1764,15,1847.36
2004-02-28,15:40:18.73758,1765,15,1847.36
2004-02-28,15:40:48.173402,1766,15,1847.36
2004-02-28,15:41:48.664748,1768,15,1847.36
2004-02-28,15:44:21.491269,1773,15,1847.36
2004-02-28,15:44:48.466017,1774,15,1847.36
2004-02-28,15:45:18.597803,1775,15,1847.36
2004-02-28,15:50:19.348009,1785,15,1847.36
2004-02-28,15:51:48.752991,1788,15,1847.36
2004-02-28,15:52:50.253214,1790,15,1847.36
2004-02-28,15:53:51.935276,1792,15,1847.36
2004-02-28,15:54:22.699144,1793,15,1847.36
2004-02-28,15:54:50.381493,1794,15,1847.36
2004-02-28,15:56:18.672328,1797,15,1847.36
2004-02-28,15:57:21.155036,1799,15,1847.36
2004-02-28,16:02:48.373656,1810,15,1847.36
2004-02-28,16:03:21.290807,1811,15,1847.36
2004-02-28,16:05:19.618892,1815,15,1847.36
2004-02-28,16:06:19.150864,1817,15,1847.36
2004-02-28,16:08:52.189053,1822,15,1847.36
2004-02-28,16:09:18.55695,1823,15,1847.36
2004-02-28,16:10:48.01002,1826,15,1847.36
2004-02-28,16:12:48.575292,1830,15,1847.36
2004-02-28,16:13:48.635904,1832,15,1847.36
2004-02-28,16:15:51.160364,1836,15,1847.36
2004-02-28,16:16:17.540113,1837,15,1847.36
2004-02-28,16:18:47.524411,1842,15,1847.36
2004-02-28,16:23:48.486448,1852,15,1847.36
2004-02-28,16:24:17.798382,1853,15,1847.36
2004-02-28,16:25:50.813845,1856,15,1847.36
2004-02-28,16:26:20.672206,1857,15,1847.36
2004-02-28,16:29:47.538931,1864,15,1788.48
2004-02-28,16:32:17.834143,1869,15,1611.84
2004-02-28,16:33:19.379968,1871,15,1552.96
2004-02-28,16:35:18.394944,1875,15,1552.96
2004-02-28,16:36:18.092295,1877,15,1552.96
2004-02-28,16:36:52.22696,1878,15,1611.84
2004-02-28,16:37:47.616603,1880,15,1611.84
2004-02-28,16:38:17.52101,1881,15,1611.84
2004-02-28,16:38:47.526951,1882,15,1611.84
2004-02-28,16:39:50.341411,1884,15,1611.84
2004-02-28,16:40:48.941642,1886,15,1611.84
2004-02-28,16:41:17.533791,1887,15,1611.84
2004-02-28,16:41:47.553552,1888,15,1552.96
2004-02-28,16:43:47.52947,1892,15,1494.08
2004-02-28,16:44:47.532366,1894,15,1435.2
2004-02-28,16:46:47.577827,1898,15,1376.32
2004-02-28,16:48:47.542276,1902,15,1317.44
2004-02-28,16:51:19.840214,1907,15,1258.56
2004-02-28,16:52:49.05616,1910,15,1199.68
2004-02-28,16:53:50.689982,1912,15,1140.8
2004-02-28,16:54:48.565312,1914,15,1140.8
2004-02-28,16:59:17.438703,1923,15,964.16
2004-02-28,17:00:49.939067,1926,15,890.56
2004-02-28,17:01:19.441762,1927,15,890.56
2004-02-28,17:01:50.680804,1928,15,890.56
2004-02-28,17:02:21.45168,1929,15,890.56
2004-02-28,17:03:20.187881,1931,15,890.56
2004-02-28,17:04:18.173333,1933,15,861.12
2004-02-28,17:04:49.532708,1934,15,890.56
2004-02-28,17:07:22.458715,1939,15,831.68
2004-02-28,17:07:52.481777,1940,15,802.24
2004-02-28,17:08:20.407986,1941,15,802.24
2004-02-28,17:08:50.561907,1942,15,802.24
2004-02-28,17:09:18.02184,1943,15,802.24
2004-02-28,17:09:52.13107,1944,15,772.8
2004-02-28,17:10:47.474829,1946,15,743.36
2004-02-28,17:12:51.717267,1950,15,713.92
2004-02-28,17:14:22.459725,1953,15,684.48
2004-02-28,17:15:49.206476,1956,15,684.48
2004-02-28,17:16:48.046045,1958,15,655.04
2004-02-28,17:17:49.157521,1960,15,655.04
2004-02-28,17:18:48.035811,1962,15,655.04
2004-02-28,17:19:20.960565,1963,15,655.04
2004-02-28,17:23:18.431891,1971,15,655.04
2004-02-28,17:23:48.408193,1972,15,655.04
2004-02-28,17:24:50.459777,1974,15,655.04
2004-02-28,17:26:18.693648,1977,15,655.04
2004-02-28,17:27:21.327024,1979,15,625.6
2004-02-28,17:29:18.624342,1983,15,625.6
2004-02-28,17:29:48.362006,1984,15,596.16
2004-02-28,17:31:51.256214,1988,15,596.16
2004-02-28,17:32:48.613418,1990,15,566.72
2004-02-28,17:34:51.241231,1994,15,478.4
2004-02-28,17:37:20.367619,1999,15,397.44
2004-02-28,17:40:48.2196,2006,15,338.56
2004-02-28,17:41:18.938288,2007,15,338.56
2004-02-28,17:42:19.007991,2009,15,323.84
2004-02-28,17:42:48.638034,2010,15,323.84
2004-02-28,17:44:18.714714,2013,15,323.84
2004-02-28,17:49:17.956005,2023,15,294.4
2004-02-28,17:53:49.874098,2032,15,250.24
2004-02-28,17:55:20.734423,2035,15,235.52
2004-02-28,17:58:49.864201,2042,15,209.76
2004-02-28,17:59:18.642524,2043,15,202.4
2004-02-28,18:04:21.025431,2053,15,165.6
2004-02-28,18:06:50.857997,2058,15,158.24
2004-02-28,18:07:20.698984,2059,15,158.24
2004-02-28,18:15:49.064047,2076,15,136.16
2004-02-28,18:17:20.141296,2079,15,136.16
2004-02-28,18:22:21.159757,2089,15,136.16
2004-02-28,18:24:50.595152,2094,15,136.16
2004-02-28,18:25:17.72196,2095,15,136.16
2004-02-28,18:26:50.062057,2098,15,136.16
2004-02-28,18:33:51.993422,2112,15,136.16
2004-02-28,18:34:18.659911,2113,15,136.16
2004-02-28,18:36:18.422298,2117,15,136.16
2004-02-28,18:36:48.737297,2118,15,136.16
2004-02-28,18:37:20.047595,2119,15,136.16
2004-02-28,18:42:18.088941,2129,15,136.16
2004-02-28,18:45:19.866877,2135,15,136.16
2004-02-28,18:45:48.292393,2136,15,136.16
2004-02-28,18:46:48.059783,2138,15,136.16
2004-02-28,18:49:20.008991,2143,15,136.16
2004-02-28,18:52:17.990307,2149,15,136.16
2004-02-28,18:53:52.714545,2152,15,136.16
2004-02-28,18:54:48.486149,2154,15,136.16
2004-02-28,18:55:48.394559,2156,15,136.16
2004-02-28,18:57:19.615515,2159,15,136.16
2004-02-28,18:57:48.007551,2160,15,136.16
2004-02-28,18:59:48.524959,2164,15,136.16
2004-02-28,19:00:18.791371,2165,15,136.16
2004-02-28,19:00:52.108733,2166,15,136.16
2004-02-28,19:01:50.580731,2168,15,136.16
2004-02-28,19:03:50.768592,2172,15,136.16
2004-02-28,19:06:18.980392,2177,15,136.16
2004-02-28,19:07:18.463887,2179,15,136.16
2004-02-28,19:08:49.655059,2182,15,136.16
2004-02-28,19:09:19.066064,2183,15,136.16
2004-02-28,19:10:53.422078,2186,15,136.16
2004-02-28,19:11:23.486801,2187,15,136.16
2004-02-28,19:12:23.243364,2189,15,136.16
2004-02-28,19:12:51.436191,2190,15,136.16
2004-02-28,19:13:23.830393,2191,15,136.16
2004-02-28,19:14:48.723153,2194,15,136.16
2004-02-28,19:15:50.031298,2196,15,136.16
2004-02-28,19:16:51.26429,2198,15,136.16
2004-02-28,19:17:19.731644,2199,15,136.16
2004-02-28,19:17:50.011192,2200,15,136.16
2004-02-28,19:18:17.717583,2201,15,136.16
2004-02-28,19:18:50.388033,2202,15,136.16
2004-02-28,19:19:48.692757,2204,15,136.16
2004-02-28,19:20:21.170573,2205,15,136.16
2004-02-28,19:21:48.223099,2208,15,136.16
2004-02-28,19:23:51.488603,2212,15,136.16
2004-02-28,19:24:51.889773,2214,15,136.16
2004-02-28,19:27:19.772999,2219,15,136.16
2004-02-28,19:28:19.105145,2221,15,136.16
2004-02-28,19:28:49.256069,2222,15,136.16
2004-02-28,19:29:18.436315,2223,15,136.16
2004-02-28,19:30:48.849235,2226,15,136.16
2004-02-28,19:32:18.720678,2229,15,136.16
2004-02-28,19:35:18.467911,2235,15,136.16
2004-02-28,19:36:19.815981,2237,15,136.16
2004-02-28,19:37:17.814,2239,15,136.16
2004-02-28,19:38:17.895091,2241,15,136.16
2004-02-28,19:39:51.063,2244,15,136.16
2004-02-28,19:40:18.575423,2245,15,136.16
2004-02-28,19:42:47.906209,2250,15,136.16
2004-02-28,19:44:18.957876,2253,15,136.16
2004-02-28,19:44:51.224889,2254,15,136.16
2004-02-28,19:45:21.394619,2255,15,136.16
2004-02-28,19:46:51.39304,2258,15,136.16
2004-02-28,19:47:20.474051,2259,15,136.16
2004-02-28,19:49:52.282522,2264,15,136.16
2004-02-28,19:50:21.885166,2265,15,136.16
2004-02-28,19:52:18.687189,2269,15,136.16
2004-02-28,19:52:51.595348,2270,15,136.16
2004-02-28,19:55:50.151885,2276,15,136.16
2004-02-28,19:56:22.416272,2277,15,136.16
2004-02-28,19:58:50.123461,2282,15,136.16
2004-02-28,20:00:18.505167,2285,15,136.16
2004-02-28,20:08:48.618049,2302,15,136.16
2004-02-28,20:09:50.622905,2304,15,136.16
2004-02-28,20:12:50.763398,2310,15,136.16
2004-02-28,20:13:50.288426,2312,15,136.16
2004-02-28,20:14:17.603828,2313,15,136.16
2004-02-28,20:16:17.860086,2317,15,136.16
2004-02-28,20:17:20.524051,2319,15,136.16
2004-02-28,20:17:51.421092,2320,15,136.16
2004-02-28,20:18:17.749543,2321,15,136.16
2004-02-28,20:19:22.361875,2323,15,136.16
2004-02-28,20:19:50.645354,2324,15,136.16
2004-02-28,20:20:22.786427,2325,15,136.16
2004-02-28,20:22:49.966816,2330,15,136.16
2004-02-28,20:23:18.568142,2331,15,136.16
2004-02-28,20:23:51.473825,2332,15,136.16
2004-02-28,20:24:20.349902,2333,15,136.16
2004-02-28,20:24:52.864315,2334,15,136.16
2004-02-28,20:27:22.537659,2339,15,136.16
2004-02-28,20:27:52.167086,2340,15,136.16
2004-02-28,20:28:22.492717,2341,15,136.16
2004-02-28,20:28:54.821168,2342,15,136.16
2004-02-28,20:31:20.726454,2347,15,136.16
2004-02-28,20:32:19.318362,2349,15,136.16
2004-02-28,20:33:18.579121,2351,15,136.16
2004-02-28,20:33:50.421257,2352,15,136.16
2004-02-28,20:34:18.282262,2353,15,136.16
2004-02-28,20:36:23.054604,2357,15,136.16
2004-02-28,20:37:18.295433,2359,15,136.16
2004-02-28,20:39:23.539358,2363,15,136.16
2004-02-28,20:39:51.946021,2364,15,136.16
2004-02-28,20:41:17.849804,2367,15,136.16
2004-02-28,20:42:51.198687,2370,15,136.16
2004-02-28,20:43:18.75268,2371,15,136.16
2004-02-28,20:43:48.839841,2372,15,136.16
2004-02-28,20:47:23.956048,2379,15,136.16
2004-02-28,20:48:17.744665,2381,15,136.16
2004-02-28,20:49:23.132687,2383,15,136.16
2004-02-28,20:49:53.854434,2384,15,128.8
2004-02-28,20:51:50.826263,2388,15,136.16
2004-02-28,20:54:21.245627,2393,15,136.16
2004-02-28,20:56:18.226697,2397,15,128.8
2004-02-28,20:56:48.859561,2398,15,128.8
2004-02-28,20:58:49.012684,2402,15,136.16
2004-02-28,21:00:18.466205,2405,15,136.16
2004-02-28,21:01:21.067652,2407,15,128.8
2004-02-28,21:02:49.538812,2410,15,128.8
2004-02-28,21:06:23.978438,2417,15,128.8
2004-02-28,21:07:23.458185,2419,15,136.16
2004-02-28,21:08:21.224224,2421,15,128.8
2004-02-28,21:08:49.023259,2422,15,136.16
2004-02-28,21:09:48.406687,2424,15,136.16
2004-02-28,21:10:22.025144,2425,15,136.16
2004-02-28,21:12:48.597901,2430,15,136.16
2004-02-28,21:13:51.947285,2432,15,136.16
2004-02-28,21:14:22.695194,2433,15,136.16
2004-02-28,21:14:49.040695,2434,15,136.16
2004-02-28,21:15:23.187912,2435,15,136.16
2004-02-28,21:19:18.752653,2443,15,136.16
2004-02-28,21:20:48.87329,2446,15,136.16
2004-02-28,21:21:23.329653,2447,15,136.16
2004-02-28,21:23:54.135538,2452,15,136.16
2004-02-28,21:26:22.322215,2457,15,136.16
2004-02-28,21:27:22.914482,2459,15,136.16
2004-02-28,21:28:19.044765,2461,15,136.16
2004-02-28,21:28:49.684113,2462,15,136.16
2004-02-28,21:30:22.68816,2465,15,136.16
2004-02-28,21:34:48.011929,2474,15,136.16
2004-02-28,21:35:17.923724,2475,15,136.16
2004-02-28,21:35:49.052445,2476,15,136.16
2004-02-28,21:37:23.325594,2479,15,136.16
2004-02-28,21:40:21.495745,2485,15,136.16
2004-02-28,21:41:53.608934,2488,15,136.16
2004-02-28,21:45:24.939174,2495,15,136.16
2004-02-28,21:46:19.940044,2497,15,136.16
2004-02-28,21:49:50.148777,2504,15,136.16
2004-02-28,21:50:25.716453,2505,15,136.16
2004-02-28,21:50:52.481654,2506,15,136.16
2004-02-28,21:51:22.758381,2507,15,136.16
2004-02-28,21:51:51.393128,2508,15,136.16
2004-02-28,21:53:22.984247,2511,15,136.16
2004-02-28,21:54:51.825641,2514,15,136.16
2004-02-28,21:55:19.471481,2515,15,136.16
2004-02-28,21:56:53.82245,2518,15,136.16
2004-02-28,21:57:18.176416,2519,15,136.16
2004-02-28,21:57:48.150457,2520,15,136.16
2004-02-28,21:59:51.74029,2524,15,136.16
2004-02-28,22:00:18.983642,2525,15,136.16
2004-02-28,22:01:53.520764,2528,15,136.16
2004-02-28,22:02:17.964463,2529,15,136.16
2004-02-28,22:03:48.193508,2532,15,136.16
2004-02-28,22:04:48.190315,2534,15,136.16
2004-02-28,22:06:18.969152,2537,15,136.16
2004-02-28,22:07:21.822913,2539,15,136.16
2004-02-28,22:09:18.289493,2543,15,136.16
2004-02-28,22:10:24.571531,2545,15,136.16
2004-02-28,22:10:48.083867,2546,15,136.16
2004-02-28,22:12:21.921458,2549,15,136.16
2004-02-28,22:14:24.392349,2553,15,128.8
2004-02-28,22:16:19.103371,2557,15,128.8
2004-02-28,22:17:24.473612,2559,15,136.16
2004-02-28,22:18:19.061215,2561,15,136.16
2004-02-28,22:18:50.68625,2562,15,136.16
2004-02-28,22:19:23.059732,2563,15,136.16
2004-02-28,22:20:48.693067,2566,15,136.16
2004-02-28,22:22:18.884365,2569,15,136.16
2004-02-28,22:24:51.582141,2574,15,136.16
2004-02-28,22:25:48.020436,2576,15,136.16
2004-02-28,22:26:20.900086,2577,15,136.16
2004-02-28,22:27:18.633607,2579,15,136.16
2004-02-28,22:29:23.070947,2583,15,136.16
2004-02-28,22:29:51.393078,2584,15,136.16
2004-02-28,22:30:50.649322,2586,15,136.16
2004-02-28,22:34:51.563141,2594,15,136.16
2004-02-28,22:38:18.060714,2601,15,136.16
2004-02-28,22:42:18.071922,2609,15,136.16
2004-02-28,22:44:23.069799,2613,15,136.16
2004-02-28,22:44:50.632194,2614,15,136.16
2004-02-28,22:45:18.335914,2615,15,136.16
2004-02-28,22:47:18.101242,2619,15,136.16
2004-02-28,22:48:21.828843,2621,15,136.16
2004-02-28,22:49:48.565273,2624,15,136.16
2004-02-28,22:50:20.889301,2625,15,136.16
2004-02-28,22:51:18.094991,2627,15,136.16
2004-02-28,22:52:19.516138,2629,15,1.38
2004-02-28,22:53:22.105506,2631,15,1.38
2004-02-28,22:54:19.567502,2633,15,1.84
2004-02-28,22:56:18.103337,2637,15,1.38
2004-02-28,22:57:21.923082,2639,15,1.38
2004-02-28,22:59:19.519573,2643,15,1.38
2004-02-28,22:59:49.451412,2644,15,1.38
2004-02-28,23:00:49.784127,2646,15,1.38
2004-02-28,23:01:48.112731,2648,15,1.38
2004-02-28,23:02:19.504086,2649,15,1.84
2004-02-28,23:02:52.794997,2650,15,1.38
2004-02-28,23:03:22.456019,2651,15,1.38
2004-02-28,23:05:19.12251,2655,15,1.38
2004-02-28,23:05:53.411365,2656,15,1.38
2004-02-28,23:07:19.018708,2659,15,1.38
2004-02-28,23:08:19.466802,2661,15,1.38
2004-02-28,23:08:51.407571,2662,15,1.38
2004-02-28,23:09:49.344233,2664,15,1.38
2004-02-28,23:11:19.602389,2667,15,1.38
2004-02-28,23:13:21.680414,2671,15,1.38
2004-02-28,23:14:49.148927,2674,15,1.38
2004-02-28,23:15:49.142568,2676,15,1.38
2004-02-28,23:16:51.533787,2678,15,1.38
2004-02-28,23:17:49.168206,2680,15,1.38
2004-02-28,23:18:21.8099,2681,15,1.38
2004-02-28,23:18:53.29681,2682,15,1.38
2004-02-28,23:19:52.799156,2684,15,1.38
2004-02-28,23:24:18.312227,2693,15,1.38
2004-02-28,23:27:23.883757,2699,15,1.38
2004-02-28,23:27:48.708077,2700,15,1.38
2004-02-28,23:28:22.457955,2701,15,1.38
2004-02-28,23:30:51.325057,2706,15,1.38
2004-02-28,23:31:18.703858,2707,15,1.38
2004-02-28,23:31:49.464357,2708,15,1.38
2004-02-28,23:34:19.220208,2713,15,1.38
2004-02-28,23:35:48.081066,2716,15,1.38
2004-02-28,23:37:18.086559,2719,15,1.38
2004-02-28,23:38:20.017896,2721,15,1.38
2004-02-28,23:38:48.126923,2722,15,1.38
2004-02-28,23:39:21.694117,2723,15,1.38
2004-02-28,23:39:48.083852,2724,15,1.38
2004-02-28,23:40:22.071846,2725,15,1.84
2004-02-28,23:40:48.549863,2726,15,1.38
2004-02-28,23:41:18.927597,2727,15,1.38
2004-02-28,23:42:18.097706,2729,15,1.38
2004-02-28,23:43:23.301172,2731,15,1.38
2004-02-28,23:44:18.782275,2733,15,1.38
2004-02-28,23:44:49.08282,2734,15,1.38
2004-02-28,23:45:52.467692,2736,15,1.38
2004-02-28,23:46:24.217453,2737,15,1.38
2004-02-28,23:46:52.455655,2738,15,1.38
2004-02-28,23:49:21.800316,2743,15,1.38
2004-02-28,23:51:18.99055,2747,15,1.38
2004-02-28,23:51:50.158845,2748,15,1.38
2004-02-28,23:52:20.766396,2749,15,1.38
2004-02-28,23:52:49.127453,2750,15,1.38
2004-02-28,23:56:19.242294,2757,15,1.38
2004-02-28,23:58:48.877588,2762,15,1.38
2004-02-28,23:59:24.942972,2763,15,1.38
2004-02-29,00:01:24.252832,2767,15,1.38
2004-02-29,00:02:49.487922,2770,15,1.38
2004-02-29,00:04:52.15211,2774,15,1.38
2004-02-29,00:05:18.322952,2775,15,1.38
2004-02-29,00:08:18.195782,2781,15,1.38
2004-02-29,00:11:18.305306,2787,15,1.38
2004-02-29,00:11:49.178445,2788,15,1.38
2004-02-29,00:12:22.310021,2789,15,1.38
2004-02-29,00:13:18.870046,2791,15,1.38
2004-02-29,00:13:48.725368,2792,15,1.38
2004-02-29,00:14:22.494856,2793,15,1.38
2004-02-29,00:15:22.624087,2795,15,1.38
2004-02-29,00:19:19.077937,2803,15,1.38
2004-02-29,00:20:18.686065,2805,15,1.38
2004-02-29,00:21:20.310359,2807,15,1.38
2004-02-29,00:21:50.637082,2808,15,1.38
2004-02-29,00:22:18.207803,2809,15,1.38
2004-02-29,00:23:19.550029,2811,15,1.38
2004-02-29,00:25:20.634518,2815,15,1.38
2004-02-29,00:25:50.028254,2816,15,1.38
2004-02-29,00:29:18.964456,2823,15,1.38
2004-02-29,00:29:52.133395,2824,15,1.38
2004-02-29,00:30:18.255803,2825,15,1.38
2004-02-29,00:33:19.690476,2831,15,1.38
2004-02-29,00:34:52.466748,2834,15,1.38
2004-02-29,00:36:22.556717,2837,15,1.38
2004-02-29,00:38:18.239559,2841,15,1.38
2004-02-29,00:38:48.461156,2842,15,1.38
2004-02-29,00:39:19.237061,2843,15,1.38
2004-02-29,00:41:48.253018,2848,15,1.38
2004-02-29,00:43:22.19366,2851,15,1.38
2004-02-29,00:43:48.881467,2852,15,1.38
2004-02-29,00:44:51.986026,2854,15,1.38
2004-02-29,00:47:23.463212,2859,15,1.38
2004-02-29,00:47:54.540368,2860,15,1.38
2004-02-29,00:49:23.83223,2863,15,1.38
2004-02-29,00:49:48.979269,2864,15,1.38
2004-02-29,00:50:19.113234,2865,15,1.38
2004-02-29,00:50:55.53012,2866,15,1.38
2004-02-29,00:51:18.74924,2867,15,1.38
2004-02-29,00:52:20.679582,2869,15,1.38
2004-02-29,00:53:18.155866,2871,15,1.38
2004-02-29,00:53:48.157923,2872,15,1.38
2004-02-29,00:54:21.868608,2873,15,1.38
2004-02-29,00:55:18.924999,2875,15,1.38
2004-02-29,00:57:19.180738,2879,15,1.38
2004-02-29,01:05:54.612824,2896,15,1.38
2004-02-29,01:07:18.183918,2899,15,1.38
2004-02-29,01:09:49.065511,2904,15,1.38
2004-02-29,01:10:23.872601,2905,15,1.38
2004-02-29,01:11:19.237031,2907,15,1.38
2004-02-29,01:14:18.459612,2913,15,1.38
2004-02-29,01:15:48.676771,2916,15,1.38
2004-02-29,01:16:49.48713,2918,15,1.38
2004-02-29,01:17:23.73726,2919,15,1.38
2004-02-29,01:24:18.993489,2933,15,1.38
2004-02-29,01:25:23.357708,2935,15,1.38
2004-02-29,01:32:19.084512,2949,15,1.38
2004-02-29,01:33:51.134578,2952,15,1.38
2004-02-29,01:35:52.891406,2956,15,1.38
2004-02-29,01:36:22.818963,2957,15,1.38
2004-02-29,01:37:49.330038,2960,15,1.38
2004-02-29,01:38:19.309567,2961,15,1.38
2004-02-29,01:38:51.915021,2962,15,1.38
2004-02-29,01:39:18.544176,2963,15,1.38
2004-02-29,01:40:48.558829,2966,15,1.38
2004-02-29,01:43:21.688498,2971,15,1.38
2004-02-29,01:44:22.148966,2973,15,1.38
2004-02-29,01:44:49.967148,2974,15,1.38
2004-02-29,01:45:50.430203,2976,15,1.38
2004-02-29,01:46:23.580288,2977,15,1.38
2004-02-29,01:46:48.288018,2978,15,1.38
2004-02-29,01:47:21.124165,2979,15,1.38
2004-02-29,01:48:19.532498,2981,15,1.38
2004-02-29,01:49:22.608284,2983,15,1.38
2004-02-29,01:50:20.268383,2985,15,1.38
2004-02-29,01:50:55.624817,2986,15,1.38
2004-02-29,01:51:23.672252,2987,15,1.38
2004-02-29,01:51:51.56591,2988,15,1.38
2004-02-29,01:52:19.01363,2989,15,1.38
2004-02-29,01:52:53.823628,2990,15,1.38
2004-02-29,01:54:54.137439,2994,15,1.38
2004-02-29,01:55:23.170558,2995,15,1.38
2004-02-29,01:55:54.572662,2996,15,1.38
2004-02-29,01:58:22.929196,3001,15,1.38
2004-02-29,01:58:48.588491,3002,15,1.38
2004-02-29,01:59:18.560182,3003,15,1.38
2004-02-29,02:00:19.39095,3005,15,1.38
2004-02-29,02:00:52.942529,3006,15,1.38
2004-02-29,02:02:55.017558,3010,15,1.38
2004-02-29,02:03:49.306536,3012,15,1.38
2004-02-29,02:06:19.373007,3017,15,1.38
2004-02-29,02:06:49.460399,3018,15,1.38
2004-02-29,02:09:53.128477,3024,15,1.38
2004-02-29,02:10:19.540064,3025,15,1.38
2004-02-29,02:11:49.339255,3028,15,1.38
2004-02-29,02:14:48.750965,3034,15,1.38
2004-02-29,02:17:21.643792,3039,15,1.38
2004-02-29,02:17:51.896639,3040,15,1.38
2004-02-29,02:18:19.373966,3041,15,1.38
2004-02-29,02:18:54.489345,3042,15,1.38
2004-02-29,02:20:23.099268,3045,15,1.38
2004-02-29,02:20:48.372427,3046,15,1.38
2004-02-29,02:21:49.335791,3048,15,1.38
2004-02-29,02:22:19.009412,3049,15,1.38
2004-02-29,02:22:53.985152,3050,15,1.38
2004-02-29,02:23:52.94672,3052,15,1.38
2004-02-29,02:28:48.617279,3062,15,1.38
2004-02-29,02:30:50.554225,3066,15,1.38
2004-02-29,02:32:26.390347,3069,15,1.38
2004-02-29,02:33:19.13605,3071,15,1.38
2004-02-29,02:35:49.036297,3076,15,1.38
2004-02-29,02:37:18.599551,3079,15,1.38
2004-02-29,02:37:52.498302,3080,15,1.38
2004-02-29,02:38:48.429186,3082,15,1.38
2004-02-29,02:39:23.234057,3083,15,1.38
2004-02-29,02:39:49.429156,3084,15,1.38
2004-02-29,02:40:49.048308,3086,15,1.38
2004-02-29,02:41:54.04342,3088,15,1.38
2004-02-29,02:42:23.409317,3089,15,1.38
2004-02-29,02:44:52.644716,3094,15,1.38
2004-02-29,02:46:19.145521,3097,15,1.38
2004-02-29,02:52:48.576153,3110,15,1.38
2004-02-29,02:55:18.89219,3115,15,1.38
2004-02-29,02:55:49.23282,3116,15,1.38
2004-02-29,02:56:54.634903,3118,15,1.38
2004-02-29,02:58:18.469774,3121,15,1.38
2004-02-29,02:59:24.39434,3123,15,1.38
2004-02-29,02:59:50.120942,3124,15,1.38
2004-02-29,03:00:50.092939,3126,15,1.38
2004-02-29,03:01:19.168211,3127,15,1.38
2004-02-29,03:03:48.884011,3132,15,1.38
2004-02-29,03:04:55.693895,3134,15,1.38
2004-02-29,03:07:49.573438,3140,15,1.38
2004-02-29,03:09:21.610417,3143,15,1.38
2004-02-29,03:13:19.532399,3151,15,1.38
2004-02-29,03:13:55.907044,3152,15,1.38
2004-02-29,03:14:49.46239,3154,15,1.38
2004-02-29,03:15:56.261147,3156,15,1.38
2004-02-29,03:16:27.094969,3157,15,1.38
2004-02-29,03:16:54.248483,3158,15,1.38
2004-02-29,03:17:19.138295,3159,15,1.38
2004-02-29,03:18:24.603884,3161,15,1.38
2004-02-29,03:20:23.845466,3165,15,1.38
2004-02-29,03:23:20.079464,3171,15,1.38
2004-02-29,03:25:25.073352,3175,15,1.38
2004-02-29,03:28:50.474734,3182,15,1.38
2004-02-29,03:29:49.65241,3184,15,1.38
2004-02-29,03:30:52.908774,3186,15,1.38
2004-02-29,03:31:56.783578,3188,15,1.38
2004-02-29,03:32:18.431474,3189,15,1.38
2004-02-29,03:34:25.485247,3193,15,1.38
2004-02-29,03:36:18.806834,3197,15,1.38
2004-02-29,03:36:58.461555,3198,15,1.38
2004-02-29,03:38:55.494441,3202,15,1.38
2004-02-29,03:39:23.752043,3203,15,1.38
2004-02-29,03:40:48.718589,3206,15,1.38
2004-02-29,03:41:49.477589,3208,15,1.38
2004-02-29,03:42:19.307708,3209,15,1.38
2004-02-29,03:43:23.783079,3211,15,1.38
2004-02-29,03:43:49.460665,3212,15,1.38
2004-02-29,03:45:50.225024,3216,15,1.38
2004-02-29,03:46:18.356854,3217,15,1.38
2004-02-29,03:48:49.649211,3222,15,1.38
2004-02-29,03:49:19.544016,3223,15,1.38
2004-02-29,03:49:49.01033,3224,15,1.38
2004-02-29,03:50:23.541207,3225,15,1.38
2004-02-29,03:51:18.488353,3227,15,1.38
2004-02-29,03:52:50.901726,3230,15,1.38
2004-02-29,03:53:49.005107,3232,15,1.38
2004-02-29,03:55:18.429413,3235,15,1.38
2004-02-29,03:56:18.430616,3237,15,1.38
2004-02-29,03:56:51.107805,3238,15,1.38
2004-02-29,04:02:48.440916,3250,15,1.38
2004-02-29,04:04:22.501571,3253,15,1.38
2004-02-29,04:05:48.507267,3256,15,1.38
2004-02-29,04:06:18.510744,3257,15,1.38
2004-02-29,04:07:22.893693,3259,15,1.38
2004-02-29,04:08:50.596595,3262,15,1.38
2004-02-29,04:09:54.826319,3264,15,1.38
2004-02-29,04:11:51.263015,3268,15,1.38
2004-02-29,04:14:48.531823,3274,15,1.38
2004-02-29,04:17:19.657823,3279,15,1.38
2004-02-29,04:18:26.275482,3281,15,1.38
2004-02-29,04:18:49.565007,3282,15,1.38
2004-02-29,04:19:49.5291,3284,15,1.38
2004-02-29,04:22:57.289143,3290,15,1.38
2004-02-29,04:25:27.428543,3295,15,1.38
2004-02-29,04:25:55.04743,3296,15,1.38
2004-02-29,04:26:50.05106,3298,15,1.38
2004-02-29,04:29:22.20469,3303,15,1.38
2004-02-29,04:29:56.583636,3304,15,1.38
2004-02-29,04:31:18.839764,3307,15,1.38
2004-02-29,04:31:54.389745,3308,15,1.38
2004-02-29,04:33:23.755725,3311,15,1.38
2004-02-29,04:33:50.063622,3312,15,1.38
2004-02-29,04:35:21.439499,3315,15,1.38
2004-02-29,04:35:49.279595,3316,15,1.38
2004-02-29,04:40:49.55251,3326,15,1.38
2004-02-29,04:42:19.798985,3329,15,1.38
2004-02-29,04:42:48.627792,3330,15,1.38
2004-02-29,04:47:21.956093,3339,15,1.38
2004-02-29,04:49:25.068323,3343,15,1.38
2004-02-29,04:50:49.528871,3346,15,1.38
2004-02-29,04:51:19.225533,3347,15,1.38
2004-02-29,04:52:19.632023,3349,15,1.38
2004-02-29,04:52:49.555901,3350,15,1.38
2004-02-29,04:54:50.415633,3354,15,1.38
2004-02-29,04:58:19.985787,3361,15,1.38
2004-02-29,04:59:19.55412,3363,15,1.38
2004-02-29,05:00:49.15993,3366,15,1.38
2004-02-29,05:02:54.377602,3370,15,1.38
2004-02-29,05:03:19.333181,3371,15,1.38
2004-02-29,05:04:51.077243,3374,15,1.38
2004-02-29,05:05:20.712718,3375,15,1.38
2004-02-29,05:05:53.162247,3376,15,1.38
2004-02-29,05:07:19.750523,3379,15,1.38
2004-02-29,05:07:57.233608,3380,15,1.38
2004-02-29,05:08:24.387254,3381,15,1.38
2004-02-29,05:08:48.577695,3382,15,1.38
2004-02-29,05:09:21.670897,3383,15,1.38
2004-02-29,05:11:19.182954,3387,15,1.38
2004-02-29,05:11:48.572551,3388,15,1.38
2004-02-29,05:14:18.669319,3393,15,1.38
2004-02-29,05:15:20.24876,3395,15,1.38
2004-02-29,05:15:49.126459,3396,15,1.38
2004-02-29,05:19:18.604827,3403,15,1.38
2004-02-29,05:21:21.151081,3407,15,1.38
2004-02-29,05:21:48.961839,3408,15,1.38
2004-02-29,05:23:22.72524,3411,15,1.38
2004-02-29,05:24:48.609401,3414,15,1.38
2004-02-29,05:25:56.842869,3416,15,1.38
2004-02-29,05:26:19.093722,3417,15,1.38
2004-02-29,05:26:48.613528,3418,15,1.38
2004-02-29,05:27:55.097258,3420,15,1.38
2004-02-29,05:28:19.713556,3421,15,1.38
2004-02-29,05:32:49.219276,3430,15,1.38
2004-02-29,05:33:49.367574,3432,15,1.38
2004-02-29,05:35:49.463825,3436,15,1.38
2004-02-29,05:36:56.157727,3438,15,1.38
2004-02-29,05:38:49.758914,3442,15,1.38
2004-02-29,05:39:49.818688,3444,15,1.38
2004-02-29,05:40:26.722947,3445,15,1.38
2004-02-29,05:41:19.312342,3447,15,1.38
2004-02-29,05:42:19.904187,3449,15,1.38
2004-02-29,05:44:48.893001,3454,15,1.38
2004-02-29,05:45:57.035238,3456,15,1.38
2004-02-29,05:46:27.220022,3457,15,1.38
2004-02-29,05:50:52.603426,3466,15,1.38
2004-02-29,05:53:19.447822,3471,15,1.38
2004-02-29,05:55:18.857494,3475,15,1.38
2004-02-29,05:57:19.663385,3479,15,1.38
2004-02-29,06:01:48.751084,3488,15,1.38
2004-02-29,06:02:18.873644,3489,15,1.38
2004-02-29,06:03:48.932723,3492,15,1.38
2004-02-29,06:04:28.992328,3493,15,1.38
2004-02-29,06:07:52.90832,3500,15,1.38
2004-02-29,06:09:19.635738,3503,15,1.38
2004-02-29,06:11:56.956678,3508,15,1.38
2004-02-29,06:13:52.426653,3512,15,1.38
2004-02-29,06:15:48.859587,3516,15,1.38
2004-02-29,06:16:56.048641,3518,15,1.38
2004-02-29,06:17:21.960338,3519,15,1.38
2004-02-29,06:18:23.332657,3521,15,1.38
2004-02-29,06:18:55.251743,3522,15,1.38
2004-02-29,06:19:18.871186,3523,15,1.84
2004-02-29,06:30:18.795611,3545,15,5.98
2004-02-29,06:31:24.768677,3547,15,6.9
2004-02-29,06:36:21.289448,3557,15,17.48
2004-02-29,06:39:19.32575,3563,15,28.52
2004-02-29,06:39:50.042053,3564,15,30.36
2004-02-29,06:40:52.568399,3566,15,34.04
2004-02-29,06:43:49.702606,3572,15,46.92
2004-02-29,06:44:19.758721,3573,15,48.76
2004-02-29,06:45:19.5019,3575,15,53.36
2004-02-29,06:45:50.924346,3576,15,57.04
2004-02-29,06:46:18.872042,3577,15,60.72
2004-02-29,06:47:49.3012,3580,15,68.08
2004-02-29,06:48:19.525578,3581,15,71.76
2004-02-29,06:50:19.574465,3585,15,86.48
2004-02-29,06:51:48.7178,3588,15,97.52
2004-02-29,06:52:50.078671,3590,15,104.88
2004-02-29,06:53:22.712859,3591,15,108.56
2004-02-29,06:53:49.611485,3592,15,114.08
2004-02-29,06:54:48.970835,3594,15,121.44
2004-02-29,06:55:18.73281,3595,15,121.44
2004-02-29,06:56:19.795722,3597,15,128.8
2004-02-29,06:56:49.392982,3598,15,136.16
2004-02-29,06:57:49.301447,3600,15,143.52
2004-02-29,06:58:23.22435,3601,15,143.52
2004-02-29,06:59:51.25214,3604,15,158.24
2004-02-29,07:00:24.89422,3605,15,158.24
2004-02-29,07:00:55.895274,3606,15,165.6
2004-02-29,07:03:19.665786,3611,15,187.68
2004-02-29,07:03:49.39741,3612,15,195.04
2004-02-29,07:06:20.866491,3617,15,235.52
2004-02-29,07:06:49.497238,3618,15,235.52
2004-02-29,07:07:48.764367,3620,15,250.24
2004-02-29,07:08:19.001146,3621,15,250.24
2004-02-29,07:09:51.53358,3624,15,264.96
2004-02-29,07:10:53.197979,3626,15,264.96
2004-02-29,07:11:50.147609,3628,15,279.68
2004-02-29,07:12:21.138721,3629,15,294.4
2004-02-29,07:13:51.045642,3632,15,323.84
2004-02-29,07:14:24.402918,3633,15,323.84
2004-02-29,07:15:22.708727,3635,15,338.56
2004-02-29,07:15:48.913359,3636,15,338.56
2004-02-29,07:17:19.568894,3639,15,368.0
2004-02-29,07:21:19.835156,3647,15,426.88
2004-02-29,07:24:24.563442,3653,15,478.4
2004-02-29,07:26:49.381414,3658,15,507.84
2004-02-29,07:28:20.115055,3661,15,537.28
2004-02-29,07:32:53.445075,3670,15,625.6
2004-02-29,07:37:49.568429,3680,15,596.16
2004-02-29,07:40:54.812134,3686,15,566.72
2004-02-29,07:42:20.962235,3689,15,566.72
2004-02-29,07:44:26.164486,3693,15,625.6
2004-02-29,07:46:55.209582,3698,15,625.6
2004-02-29,07:47:19.437524,3699,15,655.04
2004-02-29,07:49:25.99722,3703,15,655.04
2004-02-29,07:50:58.513058,3706,15,684.48
2004-02-29,08:08:23.473602,3741,15,1847.36
2004-02-29,08:09:19.679295,3743,15,1847.36
2004-02-29,08:11:53.883446,3748,15,1847.36
2004-02-29,08:13:49.60963,3752,15,1847.36
2004-02-29,08:18:49.060637,3762,15,1847.36
2004-02-29,08:23:20.213923,3771,15,1847.36
2004-02-29,08:28:53.838353,3782,15,1847.36
2004-02-29,08:29:48.966774,3784,15,1847.36
2004-02-29,08:30:19.017973,3785,15,1847.36
2004-02-29,08:30:52.179705,3786,15,1847.36
2004-02-29,08:31:53.326165,3788,15,1847.36
2004-02-29,08:32:50.050146,3790,15,1847.36
2004-02-29,08:33:19.509276,3791,15,1847.36
2004-02-29,08:34:18.982603,3793,15,1847.36
2004-02-29,08:36:58.392151,3798,15,1847.36
2004-02-29,08:37:51.024034,3800,15,1847.36
2004-02-29,08:38:19.030208,3801,15,1847.36
2004-02-29,08:39:19.215205,3803,15,1847.36
2004-02-29,08:41:58.682478,3808,15,1847.36
2004-02-29,08:42:23.140074,3809,15,1847.36
2004-02-29,08:43:19.001471,3811,15,1847.36
2004-02-29,08:43:50.356296,3812,15,1847.36
2004-02-29,08:44:22.839079,3813,15,1847.36
2004-02-29,08:44:49.00637,3814,15,1847.36
2004-02-29,08:45:19.495461,3815,15,1847.36
2004-02-29,08:45:49.716061,3816,15,1847.36
2004-02-29,08:46:19.078694,3817,15,1847.36
2004-02-29,08:46:49.120364,3818,15,1847.36
2004-02-29,08:47:19.655263,3819,15,1847.36
2004-02-29,08:48:24.579994,3821,15,1847.36
2004-02-29,08:49:19.914608,3823,15,1847.36
2004-02-29,08:52:20.348052,3829,15,1847.36
2004-02-29,08:53:25.548962,3831,15,1847.36
2004-02-29,08:54:19.84787,3833,15,1847.36
2004-02-29,08:54:50.065412,3834,15,1847.36
2004-02-29,08:55:20.13542,3835,15,1847.36
2004-02-29,08:55:50.326788,3836,15,1847.36
2004-02-29,08:57:24.857878,3839,15,1847.36
2004-02-29,08:57:56.199631,3840,15,1847.36
2004-02-29,08:58:19.693757,3841,15,1847.36
2004-02-29,08:58:51.012285,3842,15,1847.36
2004-02-29,08:59:49.350767,3844,15,1847.36
2004-02-29,09:00:27.003237,3845,15,1847.36
2004-02-29,09:01:25.854957,3847,15,1847.36
2004-02-29,09:05:20.665552,3855,15,1847.36
2004-02-29,09:06:57.867928,3858,15,1847.36
2004-02-29,09:08:26.721013,3861,15,1847.36
2004-02-29,09:08:54.674323,3862,15,1847.36
2004-02-29,09:09:19.31741,3863,15,1847.36
2004-02-29,09:10:19.007823,3865,15,1847.36
2004-02-29,09:10:50.031651,3866,15,1847.36
2004-02-29,09:12:19.628096,3869,15,1847.36
2004-02-29,09:12:50.367843,3870,15,1847.36
2004-02-29,09:13:26.6104,3871,15,1847.36
2004-02-29,09:21:25.346075,3887,15,1847.36
2004-02-29,09:24:49.529099,3894,15,1847.36
2004-02-29,09:26:50.674485,3898,15,1847.36
2004-02-29,09:27:56.770176,3900,15,1847.36
2004-02-29,09:28:48.929519,3902,15,1847.36
2004-02-29,09:30:19.637554,3905,15,1847.36
2004-02-29,09:30:54.385442,3906,15,1847.36
2004-02-29,09:32:49.729481,3910,15,1847.36
2004-02-29,09:33:23.892132,3911,15,1847.36
2004-02-29,09:34:53.901046,3914,15,1847.36
2004-02-29,09:35:20.201435,3915,15,1847.36
2004-02-29,09:35:50.095627,3916,15,1847.36
2004-02-29,09:36:56.03766,3918,15,1847.36
2004-02-29,09:37:52.847106,3920,15,1847.36
2004-02-29,09:38:24.045947,3921,15,1847.36
2004-02-29,09:41:26.658843,3927,15,1847.36
2004-02-29,09:42:19.430392,3929,15,1847.36
2004-02-29,09:42:55.329263,3930,15,1847.36
2004-02-29,09:45:19.918251,3935,15,1847.36
2004-02-29,09:46:57.259374,3938,15,1847.36
2004-02-29,09:47:48.973388,3940,15,1847.36
2004-02-29,09:51:19.43668,3947,15,1847.36
2004-02-29,09:53:51.15414,3952,15,1847.36
2004-02-29,09:56:00.094267,3956,15,1847.36
2004-02-29,09:56:49.015962,3958,15,1847.36
2004-02-29,10:05:57.894699,3976,15,1847.36
2004-02-29,10:09:56.967239,3984,15,1847.36
2004-02-29,10:10:24.257292,3985,15,1847.36
2004-02-29,10:10:52.10482,3986,15,1847.36
2004-02-29,10:12:56.280864,3990,15,1847.36
2004-02-29,10:29:23.382723,4023,15,1847.36
2004-02-29,10:31:26.888798,4027,15,1847.36
2004-02-29,10:31:49.327793,4028,15,1847.36
2004-02-29,10:32:26.301567,4029,15,1847.36
2004-02-29,10:32:50.061058,4030,15,1847.36
2004-02-29,10:35:59.709124,4036,15,1847.36
2004-02-29,10:42:53.008041,4050,15,1847.36
2004-02-29,10:50:49.064085,4066,15,1847.36
2004-02-29,10:55:57.178997,4076,15,1847.36
2004-02-29,10:57:22.830181,4079,15,1847.36
2004-02-29,10:58:49.774965,4082,15,1847.36
2004-02-29,10:59:58.388365,4084,15,1847.36
2004-02-29,11:00:26.278185,4085,15,1847.36
2004-02-29,11:03:24.724404,4091,15,1847.36
2004-02-29,11:04:52.049779,4094,15,1847.36
2004-02-29,11:06:22.238561,4097,15,1847.36
2004-02-29,11:07:31.280929,4099,15,1847.36
2004-02-29,11:08:23.832751,4101,15,1847.36
2004-02-29,11:09:24.634843,4103,15,1847.36
2004-02-29,11:11:51.333945,4108,15,1847.36
2004-02-29,11:12:19.164146,4109,15,1847.36
2004-02-29,11:13:19.412839,4111,15,1847.36
2004-02-29,11:14:19.407961,4113,15,1847.36
2004-02-29,11:15:20.097145,4115,15,1847.36
2004-02-29,11:18:49.178458,4122,15,1847.36
2004-02-29,11:19:51.88045,4124,15,1847.36
2004-02-29,11:20:26.453702,4125,15,1847.36
2004-02-29,11:21:50.632346,4128,15,1847.36
2004-02-29,11:22:58.726156,4130,15,1847.36
2004-02-29,11:25:56.721597,4136,15,1847.36
2004-02-29,11:26:59.980867,4138,15,1847.36
2004-02-29,11:28:31.514935,4141,15,1847.36
2004-02-29,11:31:25.493521,4147,15,1847.36
2004-02-29,11:31:57.561416,4148,15,1847.36
2004-02-29,11:34:50.201002,4154,15,1847.36
2004-02-29,11:35:53.826244,4156,15,1847.36
2004-02-29,11:37:20.159796,4159,15,1847.36
2004-02-29,11:38:23.636573,4161,15,1847.36
2004-02-29,11:43:50.898087,4172,15,1847.36
2004-02-29,11:44:49.407358,4174,15,1847.36
2004-02-29,11:48:27.706484,4181,15,1847.36
2004-02-29,11:51:32.176148,4187,15,1847.36
2004-02-29,11:54:25.087093,4193,15,1847.36
2004-02-29,12:06:51.262593,4218,15,1847.36
2004-02-29,12:07:20.033531,4219,15,1847.36
2004-02-29,12:09:49.635501,4224,15,1847.36
2004-02-29,12:18:50.241806,4242,15,1847.36
2004-02-29,12:19:20.52938,4243,15,1847.36
2004-02-29,12:19:50.348707,4244,15,1847.36
2004-02-29,12:25:27.196739,4255,15,1847.36
2004-02-29,12:26:27.565375,4257,15,1847.36
2004-02-29,12:27:54.750174,4260,15,1847.36
2004-02-29,12:28:23.009091,4261,15,1847.36
2004-02-29,12:28:58.990663,4262,15,1847.36
2004-02-29,12:29:20.849308,4263,15,1847.36
2004-02-29,12:29:52.352698,4264,15,1847.36
2004-02-29,12:31:20.298002,4267,15,1847.36
2004-02-29,12:32:29.585416,4269,15,1847.36
2004-02-29,12:32:50.007663,4270,15,1847.36
2004-02-29,12:33:49.298098,4272,15,1847.36
2004-02-29,12:34:19.299129,4273,15,1847.36
2004-02-29,12:35:27.814685,4275,15,1847.36
2004-02-29,12:38:52.780919,4282,15,1847.36
2004-02-29,12:57:53.137333,2,15,1847.36
2004-02-29,12:58:27.921901,3,15,1847.36
2004-02-29,12:59:20.554515,5,15,1847.36
2004-02-29,13:05:30.31111,17,15,1847.36
2004-02-29,13:06:53.048666,20,15,1847.36
2004-02-29,13:08:51.669748,24,15,1847.36
2004-02-29,13:09:23.292631,25,15,1847.36
2004-02-29,13:10:59.996762,28,15,1847.36
2004-02-29,13:13:54.524321,4352,15,1847.36
2004-02-29,13:15:19.896351,4355,15,1847.36
2004-02-29,13:17:55.430137,4360,15,1847.36
2004-02-29,13:19:49.343948,4364,15,1847.36
2004-02-29,13:29:19.373596,4383,15,1847.36
2004-02-29,13:29:52.377319,4384,15,1847.36
2004-02-29,13:30:54.727127,4386,15,1847.36
2004-02-29,13:33:29.845409,4391,15,1847.36
2004-02-29,13:34:50.526013,4394,15,1847.36
2004-02-29,13:35:50.345084,4396,15,1847.36
2004-02-29,13:36:51.281615,4398,15,1847.36
2004-02-29,13:37:50.133894,4400,15,1847.36
2004-02-29,13:38:23.280286,4401,15,1847.36
2004-02-29,13:58:19.295239,4441,15,1847.36
2004-02-29,13:59:19.695575,4443,15,1847.36
2004-02-29,14:00:29.438594,4445,15,1847.36
2004-02-29,14:01:19.305815,4447,15,1847.36
2004-02-29,14:03:26.844331,4451,15,1847.36
2004-02-29,14:04:19.443439,4453,15,1847.36
2004-02-29,14:05:29.105902,4455,15,1847.36
2004-02-29,14:05:49.308876,4456,15,1847.36
2004-02-29,14:06:23.157721,4457,15,1847.36
2004-02-29,14:06:55.16891,4458,15,1847.36
2004-02-29,14:08:19.491846,4461,15,1847.36
2004-02-29,14:12:20.899927,4469,15,1847.36
2004-02-29,14:12:52.082822,4470,15,1847.36
2004-02-29,14:13:26.242159,4471,15,1847.36
2004-02-29,14:13:49.462325,4472,15,1847.36
2004-02-29,14:15:26.438921,4475,15,1847.36
2004-02-29,14:15:58.447364,4476,15,1847.36
2004-02-29,14:16:25.928331,4477,15,1847.36
2004-02-29,14:17:01.299506,4478,15,1847.36
2004-02-29,14:17:19.480119,4479,15,1847.36
2004-02-29,14:17:51.757227,4480,15,1847.36
2004-02-29,14:18:19.985914,4481,15,1847.36
2004-02-29,14:19:58.520627,4484,15,1847.36
2004-02-29,14:20:49.665251,4486,15,1847.36
2004-02-29,14:21:24.958539,4487,15,1847.36
2004-02-29,14:22:21.842367,4489,15,1847.36
2004-02-29,14:22:57.186985,4490,15,1847.36
2004-02-29,14:25:29.499506,4495,15,1847.36
2004-02-29,14:25:55.581569,4496,15,1847.36
2004-02-29,14:26:25.190657,4497,15,1847.36
2004-02-29,14:26:55.132101,4498,15,1847.36
2004-02-29,14:29:20.405334,4503,15,1847.36
2004-02-29,14:30:28.372547,4505,15,1847.36
2004-02-29,14:30:57.359134,4506,15,1847.36
2004-02-29,14:37:56.256629,4520,15,1847.36
2004-02-29,14:38:25.513396,4521,15,1847.36
2004-02-29,14:38:50.630755,4522,15,1847.36
2004-02-29,14:39:20.648052,4523,15,1847.36
2004-02-29,14:39:56.058283,4524,15,1847.36
2004-02-29,14:43:19.543441,4531,15,1847.36
2004-02-29,14:43:50.978224,4532,15,1847.36
2004-02-29,14:45:00.149583,4534,15,1847.36
2004-02-29,14:45:19.635811,4535,15,1847.36
2004-02-29,14:45:53.342008,4536,15,1847.36
2004-02-29,14:46:22.722552,4537,15,1847.36
2004-02-29,14:47:22.637655,4539,15,1847.36
2004-02-29,14:49:19.687882,4543,15,1847.36
2004-02-29,14:49:50.397589,4544,15,1847.36
2004-02-29,14:50:49.673154,4546,15,1847.36
2004-02-29,14:51:20.53403,4547,15,1847.36
2004-02-29,14:52:00.501249,4548,15,1847.36
2004-02-29,14:52:30.604133,4549,15,1847.36
2004-02-29,14:54:19.56118,4553,15,1847.36
2004-02-29,14:54:53.929055,4554,15,1847.36
2004-02-29,14:55:59.779369,4556,15,1847.36
2004-02-29,14:56:25.654758,4557,15,1847.36
2004-02-29,14:57:55.673393,4560,15,1847.36
2004-02-29,14:59:21.500703,4563,15,1847.36
2004-02-29,15:00:55.362394,4566,15,1847.36
2004-02-29,15:01:21.34045,4567,15,1847.36
2004-02-29,15:01:55.321587,4568,15,1847.36
2004-02-29,15:02:20.333051,4569,15,1847.36
2004-02-29,15:02:50.064897,4570,15,1847.36
2004-02-29,15:03:26.260033,4571,15,1847.36
2004-02-29,15:04:00.618855,4572,15,1847.36
2004-02-29,15:04:50.540286,4574,15,1847.36
2004-02-29,15:05:20.557714,4575,15,1847.36
2004-02-29,15:06:00.460259,4576,15,1788.48
2004-02-29,15:07:20.438794,4579,15,1729.6
2004-02-29,15:07:54.490428,4580,15,1729.6
2004-02-29,15:13:50.152832,4592,15,1729.6
2004-02-29,15:14:49.493439,4594,15,1729.6
2004-02-29,15:15:20.511214,4595,15,1670.72
2004-02-29,15:15:50.31548,4596,15,1670.72
2004-02-29,15:16:19.631074,4597,15,1670.72
2004-02-29,15:17:30.798524,4599,15,1670.72
2004-02-29,15:17:56.057186,4600,15,1670.72
2004-02-29,15:19:25.020211,4603,15,1611.84
2004-02-29,15:19:50.346349,4604,15,1611.84
2004-02-29,15:21:56.426221,4608,15,1552.96
2004-02-29,15:22:50.104355,4610,15,1494.08
2004-02-29,15:23:23.364574,4611,15,1494.08
2004-02-29,15:25:19.534984,4615,15,1435.2
2004-02-29,15:26:58.49296,4618,15,1435.2
2004-02-29,15:28:19.520841,4621,15,1376.32
2004-02-29,15:29:27.692287,4623,15,1317.44
2004-02-29,15:30:50.612728,4626,15,1376.32
2004-02-29,15:31:50.356198,4628,15,1376.32
2004-02-29,15:32:49.540126,4630,15,1435.2
2004-02-29,15:34:23.018575,4633,15,1435.2
2004-02-29,15:34:50.160183,4634,15,1435.2
2004-02-29,15:35:23.690216,4635,15,1376.32
2004-02-29,15:36:23.112246,4637,15,1376.32
2004-02-29,15:36:57.58648,4638,15,1376.32
2004-02-29,15:41:22.346763,4647,15,1258.56
2004-02-29,15:42:59.465797,4650,15,1258.56
2004-02-29,15:43:31.93968,4651,15,1258.56
2004-02-29,15:44:52.871578,4654,15,1258.56
2004-02-29,15:45:31.628434,4655,15,1199.68
2004-02-29,15:45:51.581772,4656,15,1199.68
2004-02-29,15:47:28.68789,4659,15,1199.68
2004-02-29,15:47:59.176073,4660,15,1199.68
2004-02-29,15:48:52.022096,4662,15,1199.68
2004-02-29,15:49:57.082762,4664,15,1140.8
2004-02-29,15:58:59.091153,4682,15,1199.68
2004-02-29,15:59:20.691007,4683,15,1199.68
2004-02-29,15:59:49.969829,4684,15,1199.68
2004-02-29,16:00:59.135549,4686,15,1199.68
2004-02-29,16:02:25.677781,4689,15,1199.68
2004-02-29,16:02:52.189368,4690,15,1199.68
2004-02-29,16:03:49.624527,4692,15,1199.68
2004-02-29,16:07:23.786043,4699,15,1081.92
2004-02-29,16:07:49.75334,4700,15,1081.92
2004-02-29,16:09:27.710074,4703,15,1023.04
2004-02-29,16:09:52.402685,4704,15,964.16
2004-02-29,16:12:55.625095,4710,15,890.56
2004-02-29,16:16:57.365454,4718,15,831.68
2004-02-29,16:20:24.786005,4725,15,802.24
2004-02-29,16:21:59.860334,4728,15,772.8
2004-02-29,16:23:25.81471,4731,15,772.8
2004-02-29,16:25:32.641674,4735,15,743.36
2004-02-29,16:25:50.815728,4736,15,713.92
2004-02-29,16:29:53.181974,4744,15,684.48
2004-02-29,16:31:32.867987,4747,15,684.48
2004-02-29,16:34:56.628529,4754,15,655.04
2004-02-29,16:37:05.915759,4758,15,655.04
2004-02-29,16:40:57.087842,4766,15,625.6
2004-02-29,16:41:25.450144,4767,15,625.6
2004-02-29,16:42:26.819571,4769,15,625.6
2004-02-29,16:42:54.61131,4770,15,625.6
2004-02-29,16:43:28.729837,4771,15,625.6
2004-02-29,16:43:58.353635,4772,15,625.6
2004-02-29,16:47:25.677935,4779,15,625.6
2004-02-29,16:49:29.184816,4783,15,625.6
2004-02-29,16:49:53.465601,4784,15,625.6
2004-02-29,16:51:30.147988,4787,15,625.6
2004-02-29,16:53:50.247306,4792,15,625.6
2004-02-29,16:55:54.680319,4796,15,625.6
2004-02-29,16:57:50.769922,4800,15,596.16
2004-02-29,16:59:21.71257,4803,15,566.72
2004-02-29,16:59:52.833471,4804,15,566.72
2004-02-29,17:00:26.568173,4805,15,537.28
2004-02-29,17:00:54.245724,4806,15,537.28
2004-02-29,17:01:20.332051,4807,15,537.28
2004-02-29,17:01:56.467684,4808,15,507.84
2004-02-29,17:02:19.631085,4809,15,507.84
2004-02-29,17:03:50.087261,4812,15,507.84
2004-02-29,17:05:00.397841,4814,15,537.28
2004-02-29,17:05:59.936014,4816,15,537.28
2004-02-29,17:07:00.588086,4818,15,537.28
2004-02-29,17:07:22.338873,4819,15,537.28
2004-02-29,17:07:49.647636,4820,15,537.28
2004-02-29,17:08:24.440943,4821,15,537.28
2004-02-29,17:10:19.662631,4825,15,507.84
2004-02-29,17:11:20.536966,4827,15,507.84
2004-02-29,17:12:50.732025,4830,15,507.84
2004-02-29,17:13:19.65787,4831,15,507.84
2004-02-29,17:13:56.235149,4832,15,507.84
2004-02-29,17:14:31.305798,4833,15,478.4
2004-02-29,17:14:58.639256,4834,15,478.4
2004-02-29,17:16:20.475881,4837,15,478.4
2004-02-29,17:17:28.966714,4839,15,456.32
2004-02-29,17:19:20.652736,4843,15,426.88
2004-02-29,17:19:49.677409,4844,15,412.16
2004-02-29,17:20:27.452573,4845,15,397.44
2004-02-29,17:20:50.181049,4846,15,382.72
2004-02-29,17:21:24.191996,4847,15,368.0
2004-02-29,17:25:32.256089,4855,15,279.68
2004-02-29,17:26:49.704066,4858,15,264.96
2004-02-29,17:27:29.682714,4859,15,264.96
2004-02-29,17:27:49.707017,4860,15,250.24
2004-02-29,17:28:57.743095,4862,15,250.24
2004-02-29,17:30:26.360685,4865,15,235.52
2004-02-29,17:30:49.717418,4866,15,235.52
2004-02-29,17:31:24.088116,4867,15,235.52
2004-02-29,17:31:52.533288,4868,15,235.52
2004-02-29,17:32:20.75544,4869,15,224.48
2004-02-29,17:33:25.079686,4871,15,209.76
2004-02-29,17:34:20.798806,4873,15,195.04
2004-02-29,17:35:19.722459,4875,15,180.32
2004-02-29,17:35:49.846433,4876,15,172.96
2004-02-29,17:38:24.606753,4881,15,136.16
2004-02-29,17:38:49.858579,4882,15,136.16
2004-02-29,17:42:30.905154,4889,15,114.08
2004-02-29,17:43:57.113829,4892,15,108.56
2004-02-29,17:44:28.107518,4893,15,104.88
2004-02-29,17:45:00.496006,4894,15,104.88
2004-02-29,17:50:32.09693,4905,15,97.52
2004-02-29,17:50:53.669906,4906,15,97.52
2004-02-29,17:55:02.518494,4914,15,68.08
2004-02-29,17:56:02.114679,4916,15,60.72
2004-02-29,18:00:49.928462,4926,15,28.52
2004-02-29,18:05:29.358159,4935,15,16.56
2004-02-29,18:07:32.352285,4939,15,12.88
2004-02-29,18:08:01.623205,4940,15,12.88
2004-02-29,18:10:01.879178,4944,15,10.12
2004-02-29,18:10:24.150824,4945,15,9.2
2004-02-29,18:12:04.403408,4948,15,7.36
2004-02-29,18:12:56.055148,4950,15,6.9
2004-02-29,18:13:20.094071,4951,15,6.44
2004-02-29,18:16:50.645602,4958,15,4.14
2004-02-29,18:17:22.104132,4959,15,4.14
2004-02-29,18:18:03.686553,4960,15,3.68
2004-02-29,18:19:55.167681,4964,15,3.22
2004-02-29,18:22:26.419912,4969,15,2.3
2004-02-29,18:22:49.840681,4970,15,2.3
2004-02-29,18:23:20.504637,4971,15,2.3
2004-02-29,18:26:49.863025,4978,15,2.3
2004-02-29,18:28:19.864123,4981,15,1.84
2004-02-29,18:28:49.867407,4982,15,1.84
2004-02-29,18:29:19.867494,4983,15,2.3
2004-02-29,18:29:59.058225,4984,15,1.84
2004-02-29,18:30:28.641067,4985,15,1.84
2004-02-29,18:30:56.224818,4986,15,1.84
2004-02-29,18:33:22.42794,4991,15,1.84
2004-02-29,18:35:50.138843,4996,15,1.84
2004-02-29,18:36:28.554193,4997,15,1.84
2004-02-29,18:36:56.355152,4998,15,1.84
2004-02-29,18:39:59.343128,5004,15,1.84
2004-02-29,18:41:55.155325,5008,15,1.84
2004-02-29,18:42:26.000882,5009,15,1.84
2004-02-29,18:42:55.87788,5010,15,1.84
2004-02-29,18:43:20.832276,5011,15,1.84
2004-02-29,18:43:49.956606,5012,15,1.84
2004-02-29,18:45:20.974439,5015,15,1.84
2004-02-29,18:45:58.363659,5016,15,1.84
2004-02-29,18:48:25.228792,5021,15,1.84
2004-02-29,18:49:03.747348,5022,15,1.84
2004-02-29,18:49:59.251099,5024,15,1.84
2004-02-29,18:50:28.21442,5025,15,1.84
2004-02-29,18:52:03.507842,5028,15,1.84
2004-02-29,18:52:55.675286,5030,15,1.84
2004-02-29,18:53:21.666206,5031,15,1.84
2004-02-29,18:54:51.189218,5034,15,1.84
2004-02-29,18:55:32.163298,5035,15,1.84
2004-02-29,18:56:50.702327,5038,15,1.84
2004-02-29,18:57:57.270114,5040,15,1.84
2004-02-29,18:58:27.533434,5041,15,1.84
2004-02-29,19:00:32.092755,5045,15,1.84
2004-02-29,19:02:58.440362,5050,15,1.84
2004-02-29,19:06:23.585641,5057,15,1.84
2004-02-29,19:07:56.918802,5060,15,1.84
2004-02-29,19:08:51.827962,5062,15,1.84
2004-02-29,19:10:50.097716,5066,15,1.84
2004-02-29,19:12:28.134529,5069,15,1.84
2004-02-29,19:13:01.658406,5070,15,1.84
2004-02-29,19:14:24.689417,5073,15,1.84
2004-02-29,19:16:26.967834,5077,15,1.84
2004-02-29,19:17:28.145599,5079,15,1.84
2004-02-29,19:18:26.594917,5081,15,1.84
2004-02-29,19:20:50.854658,5086,15,1.84
2004-02-29,19:21:20.879992,5087,15,1.84
2004-02-29,19:21:49.988792,5088,15,1.84
2004-02-29,19:22:28.700276,5089,15,1.84
2004-02-29,19:25:20.002695,5095,15,1.84
2004-02-29,19:25:55.482931,5096,15,1.84
2004-02-29,19:26:29.244095,5097,15,1.84
2004-02-29,19:27:53.791391,5100,15,1.84
2004-02-29,19:28:27.988146,5101,15,1.84
2004-02-29,19:28:51.716396,5102,15,1.84
2004-02-29,19:29:20.966959,5103,15,1.84
2004-02-29,19:30:51.691905,5106,15,1.84
2004-02-29,19:31:20.114015,5107,15,1.84
2004-02-29,19:31:50.468041,5108,15,1.84
2004-02-29,19:34:21.932365,5113,15,1.84
2004-02-29,19:34:51.208736,5114,15,1.84
2004-02-29,19:35:49.895625,5116,15,1.84
2004-02-29,19:36:20.827113,5117,15,1.84
2004-02-29,19:36:59.088269,5118,15,1.84
2004-02-29,19:37:19.909603,5119,15,1.84
2004-02-29,19:37:49.912578,5120,15,1.84
2004-02-29,19:38:20.157959,5121,15,1.84
2004-02-29,19:39:52.251205,5124,15,1.84
2004-02-29,19:41:56.12463,5128,15,1.84
2004-02-29,19:42:22.759389,5129,15,1.84
2004-02-29,19:43:32.743301,5131,15,1.84
2004-02-29,19:44:21.874367,5133,15,1.84
2004-02-29,19:44:50.851742,5134,15,1.84
2004-02-29,19:46:27.02687,5137,15,1.84
2004-02-29,19:47:19.933728,5139,15,1.84
2004-02-29,19:48:52.660578,5142,15,1.84
2004-02-29,19:50:26.590935,5145,15,2.3
2004-02-29,19:51:02.6005,5146,15,1.84
2004-02-29,19:51:19.808655,5147,15,1.84
2004-02-29,19:51:59.146305,5148,15,1.84
2004-02-29,19:52:31.520289,5149,15,1.84
2004-02-29,19:53:03.813167,5150,15,1.84
2004-02-29,19:55:29.463562,5155,15,1.84
2004-02-29,19:57:27.227592,5159,15,1.84
2004-02-29,19:58:29.994216,5161,15,1.84
2004-02-29,20:04:22.141794,5173,15,1.84
2004-02-29,20:06:33.69049,5177,15,1.84
2004-02-29,20:09:25.964728,5183,15,1.84
2004-02-29,21:35:54.149475,10,15,1.84
2004-02-29,21:36:52.724103,12,15,1.84
2004-02-29,21:42:27.148293,23,15,1.84
2004-02-29,21:46:05.154304,30,15,1.84
2004-02-29,21:49:21.32795,37,15,1.84
2004-02-29,21:56:31.877329,5397,15,1.84
2004-02-29,21:56:58.514572,5398,15,1.84
2004-02-29,21:58:21.12551,5401,15,1.84
2004-02-29,22:00:51.714991,5406,15,1.84
2004-02-29,22:52:20.375033,14,15,1.84
2004-03-01,10:13:09.712291,7,15,1258.56
2004-03-01,10:19:29.106982,6883,15,1552.96
2004-03-01,10:20:22.93974,6885,15,1552.96
2004-03-01,10:22:05.120668,6888,15,1435.2
2004-03-01,10:22:42.253616,6889,15,1435.2
2004-03-01,10:28:08.568061,6900,15,1199.68
2004-03-01,10:28:59.048993,6902,15,1081.92
2004-03-01,10:31:09.131971,6906,15,1199.68
2004-03-01,10:34:33.588771,6913,15,964.16
2004-03-01,10:35:04.507206,6914,15,964.16
2004-03-01,10:35:51.325441,6916,15,920.0
2004-03-01,10:40:37.610484,6925,15,1435.2
2004-03-01,10:43:51.338716,6932,15,1376.32
2004-03-01,10:44:30.460823,6933,15,1376.32
2004-03-01,10:45:56.799521,6936,15,1317.44
2004-03-01,10:52:37.465169,6949,15,920.0
2004-03-01,10:56:27.681817,6957,15,743.36
2004-03-01,10:56:57.653892,6958,15,713.92
2004-03-01,11:03:00.898728,6970,15,802.24
2004-03-01,11:03:37.325849,6971,15,772.8
2004-03-01,11:06:05.943492,6976,15,890.56
2004-03-01,11:07:21.534113,6979,15,1494.08
2004-03-01,11:08:03.104827,6980,15,1729.6
2004-03-01,11:08:25.369961,6981,15,1847.36
2004-03-01,11:11:25.354548,6987,15,1847.36
2004-03-01,11:12:31.695964,6989,15,1847.36
2004-03-01,11:19:03.370061,7002,15,1140.8
2004-03-01,11:23:11.919948,7010,15,1552.96
2004-03-01,11:24:09.900386,7012,15,1788.48
2004-03-01,11:24:40.028899,7013,15,1847.36
2004-03-01,11:29:09.628137,7022,15,1317.44
2004-03-01,11:30:29.510844,7025,15,1611.84
2004-03-01,11:32:59.280573,7030,15,1788.48
2004-03-01,11:34:31.289149,7033,15,1729.6
2004-03-01,11:36:00.06214,7036,15,1611.84
2004-03-01,11:36:36.983408,7037,15,1729.6
2004-03-01,11:38:34.05274,7041,15,1847.36
2004-03-01,11:40:55.222347,7046,15,1847.36
2004-03-01,11:42:28.963967,7049,15,1611.84
2004-03-01,11:44:34.523901,7053,15,1847.36
2004-03-01,11:46:52.958714,7058,15,1847.36
2004-03-01,11:47:26.399997,7059,15,1847.36
2004-03-01,11:50:36.936435,7065,15,1847.36
2004-03-01,11:52:03.07933,7068,15,1847.36
2004-03-01,11:55:05.245537,7074,15,1847.36
2004-03-01,12:00:55.597604,7086,15,1847.36
2004-03-01,12:01:33.538931,7087,15,1847.36
2004-03-01,12:05:05.206943,7094,15,1847.36
2004-03-01,12:11:37.079504,7107,15,1847.36
2004-03-01,12:13:09.04264,7110,15,1847.36
2004-03-01,13:31:21.53919,7267,15,1847.36
2004-03-01,13:32:28.585442,7269,15,1847.36
2004-03-01,13:32:54.351863,7270,15,1847.36
2004-03-01,13:33:21.544704,7271,15,1847.36
2004-03-01,13:36:09.858796,7276,15,1847.36
2004-03-01,13:37:12.930678,7278,15,1847.36
2004-03-01,13:37:51.664225,7280,15,1847.36
2004-03-01,13:42:08.693838,7288,15,1847.36
2004-03-01,13:42:23.265606,7289,15,1847.36
2004-03-01,13:42:52.878839,7290,15,1847.36
2004-03-01,13:43:28.587856,7291,15,1847.36
2004-03-01,13:44:05.98403,7292,15,1847.36
2004-03-01,13:44:25.905499,7293,15,1847.36
2004-03-01,13:44:58.286605,7294,15,1847.36
2004-03-01,13:45:37.089759,7295,15,1847.36
2004-03-01,13:47:03.970928,7298,15,1670.72
2004-03-01,13:50:23.047658,7305,15,1199.68
2004-03-01,13:51:34.740296,7307,15,1376.32
2004-03-01,13:51:51.595404,7308,15,1435.2
2004-03-01,13:52:31.504099,7309,15,1552.96
2004-03-01,13:52:51.59597,7310,15,1611.84
2004-03-01,13:53:21.596955,7311,15,1729.6
2004-03-01,13:53:51.602852,7312,15,1847.36
2004-03-01,13:56:58.555584,7318,15,1847.36
2004-03-01,13:57:21.612714,7319,15,1847.36
2004-03-01,13:58:07.765811,7320,15,1847.36
2004-03-01,13:59:21.716101,7323,15,1847.36
2004-03-01,14:00:22.448888,7325,15,1847.36
2004-03-01,14:02:22.65631,7329,15,1847.36
2004-03-01,14:02:53.193355,7330,15,1847.36
2004-03-01,14:08:22.560424,7341,15,1847.36
2004-03-01,14:09:28.341286,7343,15,1847.36
2004-03-01,14:10:55.689809,7346,15,1847.36
2004-03-01,14:11:38.375901,7347,15,1847.36
2004-03-01,14:11:59.354502,7348,15,1847.36
2004-03-01,14:13:21.989245,7351,15,1847.36
2004-03-01,14:13:58.681188,7352,15,1847.36
2004-03-01,14:16:40.295957,7357,15,1847.36
2004-03-01,14:17:03.661214,7358,15,1788.48
2004-03-01,14:19:01.826448,7362,15,1494.08
2004-03-01,14:19:31.100186,7363,15,1435.2
2004-03-01,14:22:40.843934,7369,15,1376.32
2004-03-01,14:23:30.300515,7371,15,1376.32
2004-03-01,14:23:59.651758,7372,15,1317.44
2004-03-01,14:24:34.81299,7373,15,1317.44
2004-03-01,14:25:28.389764,7375,15,1258.56
2004-03-01,14:26:24.111559,7377,15,1258.56
2004-03-01,14:27:34.833998,7379,15,1376.32
2004-03-01,14:28:22.63021,7381,15,1376.32
2004-03-01,14:30:51.575082,7386,15,1376.32
2004-03-01,14:32:33.787277,7389,15,1258.56
2004-03-01,14:33:07.348856,7390,15,1199.68
2004-03-01,14:33:29.930695,7391,15,1140.8
2004-03-01,14:34:21.570132,7393,15,1140.8
2004-03-01,14:34:58.58927,7394,15,1140.8
2004-03-01,14:35:21.878318,7395,15,1199.68
2004-03-01,14:35:51.702052,7396,15,1199.68
2004-03-01,14:36:53.35339,7398,15,1258.56
2004-03-01,14:37:26.575931,7399,15,1199.68
2004-03-01,14:39:51.717561,7404,15,920.0
2004-03-01,14:40:51.592415,7406,15,890.56
2004-03-01,14:42:26.088738,7409,15,831.68
2004-03-01,14:43:00.970989,7410,15,831.68
2004-03-01,14:43:21.601892,7411,15,802.24
2004-03-01,14:47:21.909023,7419,15,802.24
2004-03-01,14:49:04.212477,7422,15,802.24
2004-03-01,14:49:34.71182,7423,15,964.16
2004-03-01,14:51:56.571203,7428,15,1081.92
2004-03-01,14:55:27.27537,7435,15,1023.04
2004-03-01,14:58:03.37647,7440,15,1023.04
2004-03-01,14:59:58.761098,7444,15,1081.92
2004-03-01,15:04:47.892038,7453,15,1258.56
2004-03-01,15:08:52.870408,7462,15,1258.56
2004-03-01,15:11:08.044586,7466,15,1258.56
2004-03-01,15:11:34.766664,7467,15,1258.56
2004-03-01,15:12:06.225281,7468,15,1258.56
2004-03-01,15:12:34.673683,7469,15,1199.68
2004-03-01,15:13:09.370308,7470,15,1199.68
2004-03-01,15:14:27.571933,7473,15,1140.8
2004-03-01,15:15:54.588603,7476,15,1081.92
2004-03-01,15:16:33.188751,7477,15,1081.92
2004-03-01,15:16:54.788104,7478,15,1023.04
2004-03-01,15:18:37.422926,7481,15,1023.04
2004-03-01,15:19:02.532487,7482,15,964.16
2004-03-01,15:20:33.225385,7485,15,964.16
2004-03-01,15:23:10.950663,7490,15,964.16
2004-03-01,15:23:33.318756,7491,15,964.16
2004-03-01,15:35:14.895374,7514,15,831.68
2004-03-01,15:35:38.777033,7515,15,831.68
2004-03-01,15:36:12.574702,7516,15,831.68
2004-03-01,15:36:24.88979,7517,15,831.68
2004-03-01,15:36:56.716177,7518,15,861.12
2004-03-01,15:37:30.261513,7519,15,861.12
2004-03-01,15:37:55.458141,7520,15,861.12
2004-03-01,15:39:21.660121,7523,15,890.56
2004-03-01,15:39:59.832504,7524,15,890.56
2004-03-01,15:41:08.384815,7526,15,920.0
2004-03-01,15:41:39.908459,7527,15,920.0
2004-03-01,15:42:24.460159,7529,15,920.0
2004-03-01,15:43:26.15245,7531,15,964.16
2004-03-01,15:43:54.50049,7532,15,964.16
2004-03-01,15:44:52.75435,7534,15,1023.04
2004-03-01,15:46:29.590137,7537,15,1023.04
2004-03-01,15:50:03.887487,7544,15,1023.04
2004-03-01,15:51:04.537907,7546,15,1081.92
2004-03-01,15:51:39.190598,7547,15,1140.8
2004-03-01,15:52:56.673659,7550,15,1199.68
2004-03-01,15:55:30.377314,7555,15,1140.8
2004-03-01,15:56:23.480399,7557,15,1140.8
2004-03-01,15:56:51.937053,7558,15,1081.92
2004-03-01,15:57:21.844526,7559,15,1081.92
2004-03-01,15:59:01.064999,7562,15,1081.92
2004-03-01,15:59:54.487849,7564,15,1081.92
2004-03-01,16:00:51.935269,7566,15,1081.92
2004-03-01,16:05:37.484354,7575,15,1081.92
2004-03-01,16:06:07.081214,7576,15,1081.92
2004-03-01,16:06:21.860135,7577,15,1081.92
2004-03-01,16:06:55.400461,7578,15,1081.92
2004-03-01,16:07:57.639813,7580,15,1023.04
2004-03-01,16:10:21.884795,7585,15,964.16
2004-03-01,16:12:54.842718,7590,15,964.16
2004-03-01,16:19:23.200254,7603,15,1081.92
2004-03-01,16:19:51.964336,7604,15,1081.92
2004-03-01,16:24:08.854841,7612,15,1081.92
2004-03-01,16:24:27.475508,7613,15,1140.8
2004-03-01,16:27:21.926746,7619,15,1199.68
2004-03-01,16:28:05.353749,7620,15,1199.68
2004-03-01,16:29:04.876928,7622,15,1140.8
2004-03-01,16:31:51.925069,7628,15,1081.92
2004-03-01,16:34:36.675579,7633,15,1081.92
2004-03-01,16:34:52.045003,7634,15,1081.92
2004-03-01,16:39:24.634431,7643,15,861.12
2004-03-01,16:41:57.414368,7648,15,743.36
2004-03-01,16:43:11.584735,7650,15,713.92
2004-03-01,16:43:55.925491,7652,15,684.48
2004-03-01,16:45:51.998131,7656,15,655.04
2004-03-01,16:50:52.1378,7666,15,596.16
2004-03-01,16:51:27.379002,7667,15,596.16
2004-03-01,16:53:05.124975,7670,15,596.16
2004-03-01,16:53:39.106096,7671,15,596.16
2004-03-01,16:55:27.817178,7675,15,596.16
2004-03-01,16:56:09.232878,7676,15,625.6
2004-03-01,17:00:35.962339,7685,15,655.04
2004-03-01,17:01:05.243084,7686,15,655.04
2004-03-01,17:02:53.582484,7690,15,684.48
2004-03-01,17:03:37.365753,7691,15,684.48
2004-03-01,17:08:41.796882,7701,15,655.04
2004-03-01,17:13:22.16412,7711,15,566.72
2004-03-01,17:13:59.295201,7712,15,566.72
2004-03-01,17:16:27.752176,7717,15,566.72
2004-03-01,17:18:04.757992,7720,15,537.28
2004-03-01,17:19:22.216223,7723,15,507.84
2004-03-01,17:22:35.582852,7729,15,507.84
2004-03-01,17:25:21.933572,7735,15,566.72
2004-03-01,17:29:41.510275,7743,15,426.88
2004-03-01,17:30:06.140154,7744,15,412.16
2004-03-01,17:30:21.953106,7745,15,397.44
2004-03-01,17:31:21.947067,7747,15,397.44
2004-03-01,17:33:51.873374,7752,15,566.72
2004-03-01,17:34:30.320058,7753,15,625.6
2004-03-01,17:34:51.95211,7754,15,655.04
2004-03-01,17:39:21.838992,7763,15,684.48
2004-03-01,17:40:28.772235,7765,15,655.04
2004-03-01,17:41:22.292968,7767,15,625.6
2004-03-01,17:43:05.989212,7770,15,537.28
2004-03-01,17:43:52.660082,7772,15,507.84
2004-03-01,17:45:30.469862,7775,15,478.4
2004-03-01,17:46:05.81529,7776,15,478.4
2004-03-01,17:46:33.86201,7777,15,426.88
2004-03-01,17:49:42.082047,7783,15,309.12
2004-03-01,17:50:12.332286,7784,15,309.12
2004-03-01,17:50:28.853788,7785,15,294.4
2004-03-01,17:51:39.766787,7787,15,279.68
2004-03-01,17:53:30.486251,7791,15,250.24
2004-03-01,17:54:03.051558,7792,15,250.24
2004-03-01,17:54:23.278054,7793,15,235.52
2004-03-01,17:55:29.43034,7795,15,235.52
2004-03-01,17:56:02.971481,7796,15,235.52
2004-03-01,17:57:01.016091,7798,15,224.48
2004-03-01,17:57:52.110402,7800,15,224.48
2004-03-01,17:58:23.113467,7801,15,217.12
2004-03-01,17:58:53.117587,7802,15,217.12
2004-03-01,17:59:31.858238,7803,15,209.76
2004-03-01,17:59:52.179295,7804,15,209.76
2004-03-01,18:00:52.021534,7806,15,195.04
2004-03-01,18:01:33.605443,7807,15,187.68
2004-03-01,18:02:52.480129,7810,15,172.96
2004-03-01,18:06:30.467207,7817,15,165.6
2004-03-01,18:07:19.47739,7818,15,165.6
2004-03-01,18:09:04.889895,7822,15,158.24
2004-03-01,18:10:42.154085,7825,15,150.88
2004-03-01,18:11:33.54326,7827,15,158.24
2004-03-01,18:13:01.180972,7830,15,150.88
2004-03-01,18:14:56.170221,7834,15,150.88
2004-03-01,18:15:43.356496,7835,15,150.88
2004-03-01,18:16:04.174445,7836,15,143.52
2004-03-01,18:16:23.343597,7837,15,143.52
2004-03-01,18:16:52.068459,7838,15,150.88
2004-03-01,18:17:52.26279,7840,15,143.52
2004-03-01,18:18:56.18024,7842,15,143.52
2004-03-01,18:19:56.452333,7844,15,143.52
2004-03-01,18:20:52.074503,7846,15,143.52
2004-03-01,18:21:22.613617,7847,15,143.52
2004-03-01,18:22:04.549109,7848,15,143.52
2004-03-01,18:22:23.788007,7849,15,143.52
2004-03-01,18:29:23.45983,7863,15,143.52
2004-03-01,18:30:06.195668,7864,15,143.52
2004-03-01,18:30:52.134043,7866,15,143.52
2004-03-01,18:31:36.19911,7867,15,143.52
2004-03-01,18:32:03.627142,7868,15,136.16
2004-03-01,18:32:23.220082,7869,15,136.16
2004-03-01,18:34:55.185556,7874,15,143.52
2004-03-01,18:35:23.271545,7875,15,143.52
2004-03-01,18:36:34.994624,7877,15,143.52
2004-03-01,18:37:37.670966,7879,15,143.52
2004-03-01,18:38:10.77072,7880,15,143.52
2004-03-01,18:38:22.037995,7881,15,143.52
2004-03-01,18:39:04.941558,7882,15,143.52
2004-03-01,18:39:29.604846,7883,15,143.52
2004-03-01,18:40:05.75469,7884,15,143.52
2004-03-01,18:42:32.028702,7889,15,143.52
2004-03-01,18:44:29.500591,7893,15,143.52
2004-03-01,18:45:40.457622,7895,15,143.52
2004-03-01,18:46:26.64777,7897,15,143.52
2004-03-01,18:47:08.666828,7898,15,143.52
2004-03-01,18:47:32.767055,7899,15,143.52
2004-03-01,18:48:08.882669,7900,15,136.16
2004-03-01,18:48:36.371756,7901,15,128.8
2004-03-01,18:49:31.883,7903,15,143.52
2004-03-01,18:49:53.388456,7904,15,143.52
2004-03-01,18:50:41.846256,7905,15,143.52
2004-03-01,18:50:55.144138,7906,15,143.52
2004-03-01,18:51:53.150468,7908,15,143.52
2004-03-01,18:55:39.798064,7915,15,143.52
2004-03-01,18:57:22.22719,7919,15,143.52
2004-03-01,19:00:33.158086,7925,15,143.52
2004-03-01,19:06:00.814975,7936,15,143.52
2004-03-01,19:06:57.156924,7938,15,143.52
2004-03-01,19:07:53.346714,7940,15,143.52
2004-03-01,19:08:39.499306,7941,15,143.52
2004-03-01,19:13:06.369476,7950,15,143.52
2004-03-01,19:13:40.495106,7951,15,143.52
2004-03-01,19:14:11.593937,7952,15,143.52
2004-03-01,19:18:26.2649,7961,15,143.52
2004-03-01,19:19:04.975836,7962,15,143.52
2004-03-01,19:20:05.987427,7964,15,143.52
2004-03-01,19:22:11.448072,7968,15,143.52
2004-03-01,19:23:13.590165,7970,15,143.52
2004-03-01,19:23:25.612501,7971,15,143.52
2004-03-01,19:28:05.100301,7980,15,143.52
2004-03-01,19:28:24.105085,7981,15,143.52
2004-03-01,19:30:17.528826,7984,15,143.52
2004-03-01,19:31:28.35144,7987,15,143.52
2004-03-01,19:31:58.391429,7988,15,143.52
2004-03-01,19:32:53.154086,7990,15,143.52
2004-03-01,19:33:39.804344,7991,15,143.52
2004-03-01,19:34:14.474645,7992,15,143.52
2004-03-01,19:36:01.460793,7996,15,143.52
2004-03-01,19:36:26.56006,7997,15,143.52
2004-03-01,19:38:03.593277,8000,15,136.16
2004-03-01,19:40:07.19142,8004,15,143.52
2004-03-01,19:41:54.913703,8008,15,143.52
2004-03-01,19:42:58.130835,8010,15,143.52
2004-03-01,19:44:05.65566,8012,15,143.52
2004-03-01,20:00:27.469388,18,15,143.52
2004-03-01,20:01:56.519402,21,15,143.52
2004-03-01,20:02:33.905288,8049,15,143.52
2004-03-01,20:03:02.214494,8050,15,143.52
2004-03-01,20:04:00.873866,8052,15,143.52
2004-03-01,20:04:22.170916,8053,15,143.52
2004-03-01,20:05:10.196317,8054,15,143.52
2004-03-01,20:05:22.2886,8055,15,143.52
2004-03-01,20:08:39.50533,8061,15,143.52
2004-03-01,20:09:39.392879,8063,15,136.16
2004-03-01,20:10:22.186399,8065,15,136.16
2004-03-01,20:11:22.182688,8067,15,136.16
2004-03-01,20:11:53.690017,8068,15,136.16
2004-03-01,20:12:40.953567,8069,15,136.16
2004-03-01,20:13:23.584925,8071,15,136.16
2004-03-01,20:13:52.774213,8072,15,136.16
2004-03-01,20:14:52.52694,8074,15,136.16
2004-03-01,20:15:28.407354,8075,15,136.16
2004-03-01,20:16:30.942202,8077,15,136.16
2004-03-01,20:17:53.276107,8080,15,136.16
2004-03-01,20:18:28.029455,8081,15,136.16
2004-03-01,20:21:06.680005,8086,15,136.16
2004-03-01,20:21:22.207592,8087,15,136.16
2004-03-01,21:18:00.985609,8200,15,143.52
2004-03-01,21:18:57.111807,8202,15,143.52
2004-03-01,21:21:53.330294,8208,15,143.52
2004-03-01,21:25:22.808505,8215,15,143.52
2004-03-01,21:25:53.451031,8216,15,143.52
2004-03-01,21:26:52.948687,8218,15,143.52
2004-03-01,21:28:28.268994,8221,15,143.52
2004-03-01,21:29:29.793582,8223,15,143.52
2004-03-01,21:29:52.309859,8224,15,143.52
2004-03-01,21:32:53.306395,8230,15,143.52
2004-03-01,21:33:23.503596,8231,15,143.52
2004-03-01,21:33:56.983024,8232,15,143.52
2004-03-01,21:34:55.982162,8234,15,143.52
2004-03-01,21:35:43.864527,8235,15,143.52
2004-03-01,21:37:19.907945,8238,15,143.52
2004-03-01,21:37:24.509699,8239,15,143.52
2004-03-01,21:39:22.473345,8243,15,143.52
2004-03-01,21:40:00.310692,8244,15,143.52
2004-03-01,21:40:23.92522,8245,15,143.52
2004-03-01,21:41:51.639919,8247,15,143.52
2004-03-01,21:42:10.889463,8248,15,143.52
2004-03-01,21:44:09.380948,8252,15,143.52
2004-03-01,21:45:12.085821,8254,15,143.52
2004-03-01,21:46:14.213523,8256,15,143.52
2004-03-01,21:47:14.789929,8258,15,143.52
2004-03-01,21:49:05.433709,8262,15,143.52
2004-03-01,21:49:23.715664,8263,15,143.52
2004-03-01,21:50:22.279936,8265,15,143.52
2004-03-01,21:51:22.276612,8267,15,143.52
2004-03-01,21:52:17.295884,8268,15,143.52
2004-03-01,21:53:14.360411,8270,15,136.16
2004-03-01,21:53:54.213436,8271,15,136.16
2004-03-01,21:56:23.184497,8277,15,136.16
2004-03-01,21:57:10.250389,8278,15,136.16
2004-03-01,21:59:28.712463,8283,15,136.16
2004-03-01,21:59:53.472242,8284,15,136.16
2004-03-01,22:04:56.955167,8294,15,136.16
2004-03-01,22:06:09.466154,8296,15,136.16
2004-03-01,22:06:29.886914,8297,15,136.16
2004-03-01,22:09:52.255328,8304,15,136.16
2004-03-01,22:10:28.957486,8305,15,136.16
2004-03-01,22:11:52.377538,8308,15,136.16
2004-03-01,22:12:55.682555,8310,15,136.16
2004-03-01,22:13:36.842722,8311,15,136.16
2004-03-01,22:15:22.266638,8315,15,136.16
2004-03-01,22:16:23.104741,8317,15,136.16
2004-03-01,22:17:23.400466,8319,15,136.16
2004-03-01,22:18:23.538192,8321,15,136.16
2004-03-01,22:19:39.396514,8323,15,136.16
2004-03-01,22:21:13.097892,8326,15,136.16
2004-03-01,22:21:46.420663,8327,15,136.16
2004-03-01,22:22:47.162636,8329,15,136.16
2004-03-01,22:24:01.614727,8332,15,136.16
2004-03-01,22:24:43.764244,8333,15,136.16
2004-03-01,22:25:23.17947,8335,15,136.16
2004-03-01,22:25:55.737497,8336,15,136.16
2004-03-01,22:26:54.006906,8338,15,136.16
2004-03-01,22:27:22.99045,8339,15,136.16
2004-03-01,22:29:05.157441,8342,15,136.16
2004-03-01,22:29:54.433024,8344,15,136.16
2004-03-01,22:33:06.329579,8350,15,136.16
2004-03-01,22:33:38.803264,8351,15,136.16
2004-03-01,22:36:27.332083,8357,15,136.16
2004-03-01,22:38:00.873849,8360,15,136.16
2004-03-01,22:38:22.323291,8361,15,136.16
2004-03-01,22:38:53.209136,8362,15,136.16
2004-03-01,22:39:36.53483,8363,15,136.16
2004-03-01,22:39:53.35837,8364,15,136.16
2004-03-01,22:40:34.879415,8365,15,136.16
2004-03-01,22:42:52.464251,8370,15,136.16
2004-03-01,22:44:15.306845,8372,15,136.16
2004-03-01,22:44:33.423059,8373,15,136.16
2004-03-01,22:45:23.523093,8375,15,136.16
2004-03-01,22:47:25.834447,8379,15,136.16
2004-03-01,22:48:22.280394,8381,15,136.16
2004-03-01,22:49:36.933492,8383,15,136.16
2004-03-01,22:49:58.596044,8384,15,136.16
2004-03-01,22:52:53.489671,8390,15,136.16
2004-03-01,22:53:27.991448,8391,15,136.16
2004-03-01,22:54:11.826645,8392,15,136.16
2004-03-01,22:54:22.422552,8393,15,136.16
2004-03-01,22:54:53.349666,8394,15,136.16
2004-03-01,22:56:53.189317,8398,15,136.16
2004-03-01,22:58:36.106222,8401,15,136.16
2004-03-01,22:58:55.391956,8402,15,136.16
2004-03-01,22:59:40.021159,8403,15,136.16
2004-03-01,23:02:58.55792,8410,15,136.16
2004-03-01,23:03:38.306429,8411,15,136.16
2004-03-01,23:05:22.456974,8415,15,136.16
2004-03-01,23:06:01.970077,8416,15,136.16
2004-03-01,23:06:30.342429,8417,15,136.16
2004-03-01,23:07:22.494598,8419,15,136.16
2004-03-01,23:09:08.866273,8422,15,136.16
2004-03-01,23:10:39.119226,8425,15,143.52
2004-03-01,23:12:22.472892,8429,15,136.16
2004-03-01,23:13:52.347114,8432,15,136.16
2004-03-01,23:14:39.944818,8433,15,136.16
2004-03-01,23:15:05.888535,8434,15,136.16
2004-03-01,23:17:22.35484,8439,15,136.16
2004-03-01,23:18:06.266038,8440,15,136.16
2004-03-01,23:19:11.376605,8442,15,136.16
2004-03-01,23:21:03.219813,8446,15,136.16
2004-03-01,23:21:23.451998,8447,15,136.16
2004-03-01,23:22:42.725127,8449,15,136.16
2004-03-01,23:23:43.48991,8451,15,136.16
2004-03-01,23:24:13.807118,8452,15,136.16
2004-03-02,07:39:29.812714,9443,15,1847.36
2004-03-02,07:40:23.401811,9445,15,1847.36
2004-03-02,07:40:59.964933,9446,15,1847.36
2004-03-02,07:41:23.141843,9447,15,1847.36
2004-03-02,07:44:15.939767,9452,15,1847.36
2004-03-02,07:44:58.211213,9454,15,1847.36
2004-03-02,07:45:23.153435,9455,15,1847.36
2004-03-02,07:45:58.507635,9456,15,1847.36
2004-03-02,07:47:53.923766,9460,15,1847.36
2004-03-02,07:51:29.937206,9467,15,1847.36
2004-03-02,07:53:53.300899,9472,15,1847.36
2004-03-02,07:56:29.284833,9476,15,1847.36
2004-03-02,07:58:15.92111,9479,15,1847.36
2004-03-02,07:58:20.261664,9480,15,1847.36
2004-03-02,08:00:07.767606,9484,15,1847.36
2004-03-02,08:01:43.199984,9487,15,1847.36
2004-03-02,08:03:01.898253,9490,15,1847.36
2004-03-02,08:03:30.021843,9491,15,1847.36
2004-03-02,08:04:53.326071,9494,15,1847.36
2004-03-02,08:11:12.71763,9506,15,1847.36
2004-03-02,08:13:43.642915,9511,15,1847.36
2004-03-02,08:18:29.789971,9521,15,1847.36
2004-03-02,08:19:43.376768,9523,15,1847.36
2004-03-02,08:20:03.125103,9524,15,1847.36
2004-03-02,08:21:12.497319,9526,15,1847.36
2004-03-02,08:23:13.639662,9530,15,1847.36
2004-03-02,08:23:54.528912,9532,15,1847.36
2004-03-02,08:27:04.270368,9538,15,1847.36
2004-03-02,08:28:35.714904,9541,15,1847.36
2004-03-02,08:31:30.831185,9547,15,1847.36
2004-03-02,08:33:11.804488,9550,15,1847.36
2004-03-02,08:33:40.305303,9551,15,1847.36
2004-03-02,08:35:53.402871,9556,15,1847.36
2004-03-02,08:36:35.727068,9557,15,1847.36
2004-03-02,15:49:25.114608,4,15,1847.36
2004-03-03,12:11:25.709245,12867,15,1847.36
2004-03-03,12:13:56.61215,12872,15,1847.36
2004-03-03,12:15:58.946829,12876,15,1847.36
2004-03-03,12:17:02.402414,12878,15,1847.36
2004-03-03,12:21:25.858731,12887,15,1847.36
2004-03-03,12:21:57.963978,12888,15,1847.36
2004-03-03,12:22:27.995847,12889,15,1847.36
2004-03-03,12:22:55.814872,12890,15,1847.36
2004-03-03,12:25:25.827707,12895,15,1847.36
2004-03-03,12:25:59.993811,12896,15,1847.36
2004-03-03,12:26:32.418876,12897,15,1847.36
2004-03-03,12:27:28.682772,12899,15,1847.36
2004-03-03,12:29:55.835134,12904,15,1847.36
2004-03-03,12:31:56.153537,12908,15,1847.36
2004-03-03,12:33:55.868585,12912,15,1847.36
2004-03-03,12:35:58.593667,12916,15,1847.36
2004-03-03,12:38:28.499874,12921,15,1847.36
2004-03-03,12:39:25.87119,12923,15,1847.36
2004-03-03,12:40:56.842394,12926,15,1847.36
2004-03-03,12:42:27.495946,12929,15,1847.36
2004-03-03,12:43:32.430463,12931,15,1847.36
2004-03-03,12:44:03.247347,12932,15,1847.36
2004-03-03,12:46:01.121362,12936,15,1847.36
2004-03-03,12:46:30.655173,12937,15,1847.36
2004-03-03,12:50:30.926253,12945,15,1847.36
2004-03-03,12:55:55.906596,12956,15,1847.36
2004-03-03,13:09:01.518557,12982,15,1847.36
2004-03-03,13:11:58.214592,12988,15,1847.36
2004-03-03,13:20:30.002381,13005,15,1847.36
2004-03-03,13:21:00.42312,13006,15,1847.36
2004-03-03,13:22:33.029027,13009,15,1847.36
2004-03-03,13:25:01.88309,13014,15,1847.36
2004-03-03,13:25:32.460798,13015,15,1847.36
2004-03-03,13:26:25.849738,13017,15,1847.36
2004-03-03,13:28:55.856688,13022,15,1847.36
2004-03-03,13:29:56.697562,13024,15,1847.36
2004-03-03,13:30:56.92055,13026,15,1847.36
2004-03-03,13:31:56.808,13028,15,1847.36
2004-03-03,13:32:28.55664,13029,15,1847.36
2004-03-03,13:33:26.728362,13031,15,1847.36
2004-03-03,13:34:26.84566,13033,15,1847.36
2004-03-03,13:37:31.589885,13039,15,1847.36
2004-03-03,13:42:56.099897,13050,15,1670.72
2004-03-03,13:45:26.631529,13055,15,1670.72
2004-03-03,13:45:59.023554,13056,15,1670.72
2004-03-03,13:46:26.114917,13057,15,1670.72
2004-03-03,13:47:02.385329,13058,15,1670.72
2004-03-03,13:49:02.533465,13062,15,1729.6
2004-03-03,13:50:29.946377,13065,15,1788.48
2004-03-03,13:51:04.156599,13066,15,1788.48
2004-03-03,13:54:28.354948,13073,15,1847.36
2004-03-03,14:23:56.92566,13132,15,1435.2
2004-03-03,14:29:27.115023,13143,15,1199.68
2004-03-03,14:29:58.894553,13144,15,1199.68
2004-03-03,14:31:02.316715,13146,15,1140.8
2004-03-03,14:34:29.888963,13153,15,1023.04
2004-03-03,14:35:28.990929,13155,15,1023.04
2004-03-03,14:36:30.247909,13157,15,1023.04
2004-03-03,14:36:56.058849,13158,15,964.16
2004-03-03,14:39:56.066548,13164,15,964.16
2004-03-03,14:40:26.066185,13165,15,964.16
2004-03-03,14:41:56.133529,13168,15,964.16
2004-03-03,14:42:26.060672,13169,15,964.16
2004-03-03,14:42:56.581073,13170,15,964.16
2004-03-03,14:45:26.446259,13175,15,964.16
2004-03-03,14:46:26.129156,13177,15,964.16
2004-03-03,14:47:26.110353,13179,15,1023.04
2004-03-03,14:51:00.419622,13186,15,964.16
2004-03-03,14:51:28.177423,13187,15,1023.04
2004-03-03,14:53:57.167313,13192,15,1317.44
2004-03-03,14:54:31.129788,13193,15,1376.32
2004-03-03,14:55:57.77809,13196,15,1435.2
2004-03-03,15:00:00.126096,13204,15,1081.92
2004-03-03,15:03:00.122261,13210,15,1081.92
2004-03-03,15:03:58.159119,13212,15,1081.92
2004-03-03,15:04:29.605303,13213,15,1081.92
2004-03-03,15:05:27.829695,13215,15,1140.8
2004-03-03,15:09:01.501274,13222,15,1081.92
2004-03-03,15:12:01.850966,13228,15,861.12
2004-03-03,15:14:59.086826,13234,15,802.24
2004-03-03,15:15:26.072935,13235,15,831.68
2004-03-03,15:16:56.086134,13238,15,920.0
2004-03-03,15:17:28.30391,13239,15,964.16
2004-03-03,15:17:56.912915,13240,15,964.16
2004-03-03,15:18:31.309998,13241,15,1023.04
2004-03-03,15:18:56.163201,13242,15,1023.04
2004-03-03,15:22:28.61626,13249,15,1258.56
2004-03-03,15:26:59.516487,13258,15,1376.32
2004-03-03,15:27:55.98816,13260,15,1435.2
2004-03-03,15:30:26.115801,13265,15,1611.84
2004-03-03,15:31:01.37275,13266,15,1670.72
2004-03-03,15:31:29.806321,13267,15,1670.72
2004-03-03,15:32:30.362771,13269,15,1788.48
2004-03-03,15:32:56.1172,13270,15,1847.36
2004-03-03,15:33:55.993216,13272,15,1847.36
2004-03-03,15:34:59.189699,13274,15,1847.36
2004-03-03,15:36:30.422906,13277,15,1847.36
2004-03-03,15:36:59.07688,13278,15,1847.36
2004-03-03,15:37:58.233252,13280,15,1847.36
2004-03-03,15:38:26.534759,13281,15,1847.36
2004-03-03,15:39:00.476105,13282,15,1847.36
2004-03-03,15:39:26.386496,13283,15,1847.36
2004-03-03,15:39:58.441158,13284,15,1847.36
2004-03-03,15:41:29.628928,13287,15,1847.36
2004-03-03,15:41:56.140547,13288,15,1847.36
2004-03-03,15:43:02.260489,13290,15,1847.36
2004-03-03,15:44:57.338292,13294,15,1847.36
2004-03-03,15:45:56.155019,13296,15,1847.36
2004-03-03,15:46:26.163817,13297,15,1847.36
2004-03-03,15:47:57.597847,13300,15,1847.36
2004-03-03,15:48:29.708362,13301,15,1847.36
2004-03-03,15:48:56.175142,13302,15,1847.36
2004-03-03,15:51:57.433354,13308,15,1847.36
2004-03-03,15:57:56.361121,13320,15,1847.36
2004-03-03,16:02:59.783849,13330,15,1847.36
2004-03-03,16:05:26.662473,13335,15,1847.36
2004-03-03,16:06:00.696881,13336,15,1847.36
2004-03-03,16:07:56.214694,13340,15,1847.36
2004-03-03,16:08:27.228919,13341,15,1847.36
2004-03-03,16:09:02.976217,13342,15,1847.36
2004-03-03,16:11:27.459045,13347,15,1847.36
2004-03-03,16:13:27.188467,13351,15,1847.36
2004-03-03,16:13:56.27981,13352,15,1847.36
2004-03-03,16:14:56.611697,13354,15,1847.36
2004-03-03,16:16:29.91789,13357,15,1847.36
2004-03-03,16:17:29.094996,13359,15,1847.36
2004-03-03,16:18:56.195423,13362,15,1847.36
2004-03-03,16:20:26.826303,13365,15,1847.36
2004-03-03,16:21:30.983198,13367,15,1847.36
2004-03-03,16:21:56.18193,13368,15,1847.36
2004-03-03,16:25:01.592971,13374,15,1847.36
2004-03-03,16:25:26.193328,13375,15,1847.36
2004-03-03,16:26:56.186841,13378,15,1847.36
2004-03-03,16:27:26.194728,13379,15,1847.36
2004-03-03,16:28:30.153049,13381,15,1847.36
2004-03-03,16:28:56.202893,13382,15,1847.36
2004-03-03,16:29:59.755703,13384,15,1847.36
2004-03-03,16:30:59.342826,13386,15,1847.36
2004-03-03,16:31:26.452141,13387,15,1847.36
2004-03-03,16:31:57.204725,13388,15,1847.36
2004-03-03,16:32:26.203823,13389,15,1847.36
2004-03-03,16:33:26.204428,13391,15,1847.36
2004-03-03,16:33:57.412418,13392,15,1847.36
2004-03-03,16:34:28.025698,13393,15,1847.36
2004-03-03,16:34:56.560775,13394,15,1847.36
2004-03-03,16:37:02.14115,13398,15,1847.36
2004-03-03,16:41:59.640266,13408,15,1847.36
2004-03-03,16:43:56.647237,13412,15,1847.36
2004-03-03,16:44:56.232195,13414,15,1847.36
2004-03-03,16:45:27.148771,13415,15,1847.36
2004-03-03,16:46:57.131294,13418,15,1847.36
2004-03-03,16:49:28.115878,13423,15,1847.36
2004-03-03,16:50:00.10166,13424,15,1847.36
2004-03-03,16:50:28.054594,13425,15,1847.36
2004-03-03,16:50:56.926515,13426,15,1847.36
2004-03-03,16:52:02.827672,13428,15,1847.36
2004-03-03,16:52:57.999692,13430,15,1847.36
2004-03-03,16:53:30.861903,13431,15,1847.36
2004-03-03,16:53:57.903118,13432,15,1847.36
2004-03-03,16:54:31.452867,13433,15,1847.36
2004-03-03,16:56:00.320589,13436,15,1847.36
2004-03-03,16:57:56.393828,13440,15,1847.36
2004-03-03,16:59:01.070155,13442,15,1847.36
2004-03-03,17:03:59.505244,13452,15,1847.36
2004-03-03,17:06:27.060888,13457,15,1729.6
2004-03-03,17:07:26.174817,13459,15,1729.6
2004-03-03,17:07:56.442345,13460,15,1670.72
2004-03-03,17:10:57.911446,13466,15,1611.84
2004-03-03,17:11:30.175765,13467,15,1552.96
2004-03-03,17:13:32.211925,13471,15,1494.08
2004-03-03,17:13:56.191041,13472,15,1494.08
2004-03-03,17:15:00.639435,13474,15,1435.2
2004-03-03,17:16:27.848828,13477,15,1435.2
2004-03-03,17:16:56.324302,13478,15,1376.32
2004-03-03,17:17:26.86795,13479,15,1376.32
2004-03-03,17:19:28.751797,13483,15,1317.44
2004-03-03,17:21:59.843004,13488,15,1258.56
2004-03-03,17:22:56.215256,13490,15,1199.68
2004-03-03,17:24:26.37676,13493,15,1140.8
2004-03-03,17:25:31.204831,13495,15,1081.92
2004-03-03,17:26:30.860282,13497,15,1081.92
2004-03-03,17:27:57.334348,13500,15,1023.04
2004-03-03,17:28:33.500152,13501,15,1023.04
2004-03-03,17:28:56.222866,13502,15,1023.04
2004-03-03,17:30:56.35078,13506,15,964.16
2004-03-03,17:31:29.396742,13507,15,920.0
2004-03-03,17:33:01.209884,13510,15,890.56
2004-03-03,17:34:00.182943,13512,15,831.68
2004-03-03,17:35:59.228968,13516,15,802.24
2004-03-03,17:37:01.954156,13518,15,772.8
2004-03-03,17:38:30.29127,13521,15,713.92
2004-03-03,17:38:59.233526,13522,15,713.92
2004-03-03,17:40:30.09547,13525,15,655.04
2004-03-03,17:41:27.007191,13527,15,625.6
2004-03-03,17:42:00.208305,13528,15,625.6
2004-03-03,17:42:31.929383,13529,15,596.16
2004-03-03,17:44:32.4952,13533,15,537.28
2004-03-03,17:44:57.964385,13534,15,537.28
2004-03-03,20:43:57.334425,40,15,180.32
2004-03-03,20:47:31.946855,47,15,180.32
2004-03-03,20:52:57.619866,58,15,180.32
2004-03-03,20:58:57.88722,70,15,180.32
